Country,Year,Value_primary_edu_completion_rate,Value_lower_sec_edu_completion_rate,Value,Value_gross_enr_ratio_for_tertirary_edu,Value_literacy_rate,Value_gov_expen_as_perc_of_GPP
Afghanistan,2013,NA,NA,NA,NA,NA,3.45
Afghanistan,2014,NA,NA,NA,8.31,NA,3.7
Afghanistan,2015,54.48,36.62,22.7,NA,35.82,3.26
Afghanistan,2016,NA,NA,NA,NA,NA,4.54
Afghanistan,2017,NA,NA,NA,NA,NA,4.34
Afghanistan,2018,NA,NA,NA,9.96,NA,NA
Afghanistan,2020,NA,NA,NA,10.86,NA,NA
Afghanistan,2021,NA,NA,NA,NA,56,NA
Afghanistan,2022,44.24,31.27,26.7,NA,62.66,NA
Albania,2013,NA,NA,NA,63.84,NA,3.54
Albania,2014,NA,NA,NA,65.55,NA,3.22
Albania,2015,NA,NA,NA,61.96,NA,3.44
Albania,2016,NA,NA,NA,58.49,NA,3.96
Albania,2017,97.43,97.66,60.41,58.02,99.02,3.61
Albania,2018,NA,NA,NA,56.08,NA,3.15
Albania,2019,NA,NA,NA,61.41,NA,3.92
Albania,2020,NA,NA,NA,61.59,NA,3.34
Albania,2021,NA,NA,NA,59.97,NA,3.02
Albania,2022,NA,NA,NA,62.65,99.5,2.74
Albania,2023,NA,NA,NA,64.73,NA,NA
Algeria,2013,94.24,56.5,29.42,35.5,NA,6.66
Algeria,2014,NA,NA,NA,36.06,NA,6.55
Algeria,2015,NA,NA,NA,38.33,NA,6.18
Algeria,2016,NA,NA,NA,44.11,NA,6.5
Algeria,2017,NA,NA,NA,49.38,NA,5.73
Algeria,2018,NA,NA,NA,53.16,97.43,5.81
Algeria,2019,94.05,73.24,46.47,54.19,74.03,5.58
Algeria,2020,NA,NA,NA,53.61,NA,6.19
Algeria,2021,NA,NA,NA,54.21,NA,5.51
Algeria,2022,NA,NA,NA,53.4,NA,4.75
Algeria,2023,NA,NA,NA,55.52,NA,5.61
Andorra,2013,NA,NA,NA,14.76,NA,2.51
Andorra,2014,NA,NA,NA,13.7,NA,3.07
Andorra,2015,NA,NA,NA,13.88,NA,3.28
Andorra,2016,NA,NA,NA,15.11,NA,3.24
Andorra,2017,NA,NA,NA,15.44,NA,3.22
Andorra,2018,NA,NA,NA,15.39,NA,3.25
Andorra,2019,NA,NA,NA,15,NA,3.15
Andorra,2020,NA,NA,NA,15.1,NA,2.63
Andorra,2021,NA,NA,NA,15.2,NA,2.58
Andorra,2022,NA,NA,NA,34.48,NA,2.65
Andorra,2023,NA,NA,NA,64.28,NA,1.93
Angola,2013,NA,NA,NA,9.12,NA,3.87
Angola,2014,NA,NA,NA,NA,77,2.93
Angola,2015,59.96,36.59,18.75,8.68,75.66,3.1
Angola,2016,NA,NA,NA,9.66,NA,2.75
Angola,2017,NA,NA,NA,9.66,NA,2.47
Angola,2018,NA,NA,NA,9.35,NA,2.18
Angola,2019,NA,NA,NA,11.06,NA,2.07
Angola,2020,NA,NA,NA,NA,NA,2.67
Angola,2021,NA,NA,NA,NA,NA,2.3
Angola,2022,NA,NA,NA,NA,83.3,2.33
Angola,2023,NA,NA,NA,9.91,NA,NA
Anguilla,2013,NA,NA,NA,NA,NA,3.34
Anguilla,2014,NA,NA,NA,NA,NA,3
Anguilla,2015,NA,NA,NA,NA,NA,2.98
Anguilla,2016,NA,NA,NA,NA,NA,3.18
Anguilla,2017,NA,NA,NA,NA,NA,3.65
Anguilla,2018,NA,NA,NA,NA,NA,3.3
Anguilla,2019,NA,NA,NA,NA,NA,2.83
Anguilla,2020,NA,NA,NA,NA,NA,4.01
Anguilla,2021,NA,NA,NA,NA,NA,3.55
Antigua and Barbuda,2013,NA,NA,NA,NA,NA,2.65
Antigua and Barbuda,2014,NA,NA,NA,NA,NA,2.54
Antigua and Barbuda,2015,NA,NA,NA,NA,NA,2.14
Antigua and Barbuda,2016,NA,NA,NA,NA,NA,2.25
Antigua and Barbuda,2017,NA,NA,NA,NA,NA,2.37
Antigua and Barbuda,2018,NA,NA,NA,NA,NA,2.35
Antigua and Barbuda,2019,NA,NA,NA,NA,NA,2.3
Antigua and Barbuda,2020,NA,NA,NA,NA,NA,2.99
Antigua and Barbuda,2021,NA,NA,88.72,NA,NA,2.57
Antigua and Barbuda,2022,NA,NA,NA,NA,NA,3.65
Argentina,2013,95.8,75.2,62.3,78.77,NA,5.44
Argentina,2014,95.9,75,62.2,81.17,NA,5.36
Argentina,2015,NA,NA,NA,83.76,NA,5.78
Argentina,2016,96.1,74.7,62.7,86.62,NA,5.55
Argentina,2017,96.2,74.4,63,89.23,NA,5.45
Argentina,2018,96.2,74.4,63.4,90.97,NA,4.88
Argentina,2019,96.3,74.5,63.8,95.08,NA,4.77
Argentina,2020,96.3,74.8,64.3,99.27,NA,5.28
Argentina,2021,NA,NA,NA,107.13,NA,4.64
Argentina,2022,NA,NA,NA,107.05,NA,4.81
Armenia,2013,NA,NA,NA,41.62,NA,2.65
Armenia,2014,NA,NA,NA,44.41,NA,2.25
Armenia,2015,NA,NA,NA,45.47,NA,2.81
Armenia,2016,99.27,97.06,64.71,51.75,100,2.76
Armenia,2017,NA,NA,NA,53.59,100,2.71
Armenia,2018,99.63,97.36,77.99,56.17,NA,2.26
Armenia,2019,NA,NA,NA,53.31,NA,2.57
Armenia,2020,NA,NA,NA,53.31,100,2.71
Armenia,2021,NA,NA,NA,58.76,NA,2.77
Armenia,2022,NA,NA,NA,59.81,NA,2.49
Armenia,2023,NA,NA,NA,61.19,NA,0.24
Aruba,2013,NA,NA,NA,16.98,NA,6.44
Aruba,2014,NA,NA,NA,17.72,NA,4.86
Aruba,2015,NA,NA,NA,16.78,NA,5.89
Aruba,2016,NA,NA,NA,17.56,NA,5.49
Aruba,2017,NA,NA,NA,NA,NA,4.46
Aruba,2018,NA,NA,NA,NA,NA,4.55
Aruba,2019,NA,NA,NA,NA,NA,4.44
Aruba,2020,NA,NA,NA,NA,99.52,NA
Australia,2013,NA,NA,NA,NA,NA,5.52
Australia,2014,99.02,98.03,86.65,NA,NA,5.44
Australia,2015,NA,NA,NA,119.68,NA,5.46
Australia,2016,98.98,97.96,87.3,119.68,NA,5.43
Australia,2017,NA,NA,NA,109.99,NA,5.32
Australia,2018,99.57,99.14,90.31,103.32,NA,5.41
Australia,2019,NA,NA,NA,109.76,NA,5.51
Australia,2020,NA,NA,NA,110.14,NA,5.38
Australia,2021,NA,NA,NA,112.69,NA,5.33
Australia,2022,NA,NA,NA,106.24,NA,5.21
Austria,2013,99.08,98.17,85.85,80.96,NA,5.55
Austria,2014,99.16,98.31,88.59,81.02,NA,5.45
Austria,2015,99.13,98.26,88.04,82.26,NA,5.46
Austria,2016,99.15,98.3,88.78,82.85,NA,5.48
Austria,2017,98.96,97.92,86.49,83.84,NA,5.37
Austria,2018,98.72,97.44,86.54,85.87,NA,5.23
Austria,2019,98.58,97.15,85.84,86.32,NA,5.22
Austria,2020,98.61,97.21,84.61,88.71,NA,5.57
Austria,2021,98.99,97.98,85.32,93.94,NA,5.49
Austria,2022,NA,NA,NA,94.51,NA,4.77
Azerbaijan,2013,NA,NA,NA,21.44,100,2.44
Azerbaijan,2014,NA,NA,NA,23.16,100,2.63
Azerbaijan,2015,NA,NA,NA,25.48,100,2.95
Azerbaijan,2016,NA,NA,NA,27.24,100,2.9
Azerbaijan,2017,NA,NA,NA,28.47,100,2.47
Azerbaijan,2018,NA,NA,NA,28.97,NA,2.46
Azerbaijan,2019,NA,NA,NA,32.92,100,3.18
Azerbaijan,2020,NA,NA,NA,36.39,NA,4.33
Azerbaijan,2021,NA,NA,NA,39.01,NA,3.7
Azerbaijan,2022,NA,NA,NA,41,NA,3.05
Azerbaijan,2023,NA,NA,NA,41.39,100,3.58
Bahamas,2013,NA,NA,NA,NA,NA,2.39
Bahamas,2014,NA,NA,NA,NA,NA,2.31
Bahamas,2015,NA,NA,NA,NA,NA,2.3
Bahamas,2016,NA,NA,NA,NA,NA,2.59
Bahamas,2017,NA,NA,NA,NA,NA,2.69
Bahamas,2018,NA,NA,NA,NA,NA,2.49
Bahamas,2019,NA,NA,NA,NA,NA,2.62
Bahamas,2020,NA,NA,NA,NA,NA,3.79
Bahamas,2021,NA,NA,NA,NA,NA,3.01
Bahamas,2022,NA,NA,NA,NA,NA,2.84
Bahrain,2013,NA,NA,NA,42.93,NA,2.48
Bahrain,2014,NA,NA,NA,44.15,NA,2.47
Bahrain,2015,NA,NA,NA,43.64,NA,2.67
Bahrain,2016,NA,NA,NA,43.67,NA,2.8
Bahrain,2017,NA,NA,NA,45.19,NA,2.33
Bahrain,2018,NA,NA,NA,48.54,NA,2.39
Bahrain,2019,NA,NA,NA,53.69,NA,2.38
Bahrain,2020,NA,NA,NA,56.63,NA,2.55
Bahrain,2021,NA,NA,NA,70.76,NA,2.22
Bahrain,2022,NA,NA,NA,77.24,99,1.99
Bahrain,2023,NA,NA,NA,71.96,99,NA
Bangladesh,2013,72.23,54.4,17.35,13.65,86,1.97
Bangladesh,2014,80.01,54.93,18.9,13.65,86,2.1
Bangladesh,2015,NA,NA,NA,15.59,88,1.87
Bangladesh,2016,NA,NA,NA,17.4,92,2.22
Bangladesh,2017,NA,NA,NA,18.53,93,1.85
Bangladesh,2018,NA,NA,NA,19.7,93,1.66
Bangladesh,2019,82.61,64.75,29.36,22.81,95,1.68
Bangladesh,2020,NA,NA,NA,22.54,94,1.77
Bangladesh,2021,NA,NA,NA,23.4,95,1.83
Bangladesh,2022,NA,NA,NA,22.84,NA,1.71
Bangladesh,2023,NA,NA,NA,23.77,NA,1.78
Barbados,2013,NA,NA,NA,NA,NA,5.13
Barbados,2014,NA,NA,NA,NA,NA,6.12
Barbados,2015,NA,NA,NA,NA,NA,5.18
Barbados,2016,NA,NA,NA,NA,NA,4.68
Barbados,2017,NA,NA,NA,NA,NA,4.35
Barbados,2018,NA,NA,NA,NA,NA,5.13
Barbados,2019,NA,NA,NA,NA,NA,4.09
Barbados,2020,NA,NA,NA,NA,NA,4.17
Barbados,2021,NA,NA,NA,NA,NA,4.86
Barbados,2022,NA,NA,NA,NA,NA,4.42
Barbados,2023,NA,NA,NA,NA,NA,4.04
Belarus,2013,NA,NA,NA,101.42,NA,5.01
Belarus,2014,NA,NA,NA,99.85,NA,4.82
Belarus,2015,NA,NA,NA,98.03,NA,4.79
Belarus,2016,NA,NA,NA,94.76,NA,4.95
Belarus,2017,NA,NA,NA,91.33,NA,4.8
Belarus,2018,NA,NA,NA,84.54,NA,5.38
Belarus,2019,100,99.55,90.38,80.17,100,4.98
Belarus,2020,NA,NA,NA,76.89,NA,4.86
Belarus,2021,NA,NA,NA,73.96,NA,4.61
Belarus,2022,NA,NA,NA,70.87,NA,4.63
Belarus,2023,NA,NA,NA,67.06,NA,4.95
Belgium,2013,NA,82.45,82.44,71.78,NA,6.63
Belgium,2014,NA,91.88,83.96,74.04,NA,6.59
Belgium,2015,NA,91.79,84.48,76.42,NA,6.45
Belgium,2016,NA,93.85,84.5,77.24,NA,6.46
Belgium,2017,NA,93.98,85.41,80.77,NA,6.43
Belgium,2018,NA,94.15,85.88,79.12,NA,6.38
Belgium,2019,NA,92.08,85.3,79.3,NA,6.33
Belgium,2020,NA,94.56,86.6,79.5,NA,6.8
Belgium,2021,97.7,95.4,88.11,82.69,NA,6.36
Belgium,2022,NA,NA,NA,83.57,NA,NA
Belize,2013,NA,NA,NA,23.85,NA,5.15
Belize,2014,NA,NA,NA,23.86,NA,5.17
Belize,2015,96.18,61.04,42.9,23.27,97.95,5.39
Belize,2016,NA,NA,NA,24.32,NA,5.72
Belize,2017,NA,NA,NA,24.77,NA,5.95
Belize,2018,NA,NA,NA,24.65,NA,6.13
Belize,2019,NA,NA,NA,25.07,NA,5.96
Belize,2020,NA,NA,NA,25.7,NA,5.22
Belize,2021,NA,NA,45.03,23.52,NA,5.95
Belize,2022,NA,NA,NA,23.78,NA,4.6
Belize,2023,NA,NA,NA,22.71,NA,4.26
Benin,2013,57,28.3,11.4,15.31,NA,3.33
Benin,2014,54.12,27.61,10.25,15.2,NA,3.16
Benin,2015,NA,NA,NA,12.91,NA,3.17
Benin,2016,NA,NA,NA,12.36,NA,2.9
Benin,2017,51.83,21.41,9.67,11.74,58.81,3.54
Benin,2018,NA,NA,NA,12.01,NA,2.93
Benin,2019,61.4,28.7,12.1,10.8,NA,2.97
Benin,2020,NA,NA,NA,10.8,NA,3.09
Benin,2021,51.97,25.38,12.52,10.23,65.32,3.2
Benin,2022,NA,NA,NA,10.65,66.4,3.38
Bermuda,2013,NA,NA,NA,37.14,NA,2.28
Bermuda,2014,NA,NA,NA,35.1,NA,1.54
Bermuda,2015,NA,NA,NA,31.94,NA,1.5
Bermuda,2016,NA,NA,NA,NA,NA,1.92
Bermuda,2017,NA,NA,NA,22.42,NA,1.32
Bermuda,2018,NA,NA,NA,22.86,NA,1.94
Bermuda,2019,NA,NA,NA,NA,NA,1.93
Bermuda,2020,NA,NA,NA,NA,NA,1.89
Bermuda,2021,NA,NA,NA,NA,NA,1.88
Bermuda,2022,NA,NA,NA,NA,NA,1.92
Bermuda,2023,NA,NA,NA,16.99,NA,1.93
Bhutan,2013,NA,NA,NA,10.34,NA,5.26
Bhutan,2014,NA,NA,NA,NA,NA,5.55
Bhutan,2015,NA,NA,NA,NA,NA,5.78
Bhutan,2016,NA,NA,NA,NA,NA,5.89
Bhutan,2017,NA,NA,NA,14.77,93,6.23
Bhutan,2018,NA,NA,NA,14.88,NA,5.74
Bhutan,2019,NA,NA,NA,15.91,NA,4.51
Bhutan,2020,NA,NA,NA,16.85,NA,5.54
Bhutan,2021,NA,NA,NA,17.71,NA,6.6
Bhutan,2022,NA,NA,NA,17.53,98,7.47
Bhutan,2023,NA,NA,NA,15.03,NA,5.85
Bolivia (Plurinational State of),2013,95.59,88.19,76.85,NA,99.32,6.8
Bolivia (Plurinational State of),2014,93.18,86.75,67.29,NA,99.44,7.48
Bolivia (Plurinational State of),2015,96.94,89.33,70.41,NA,99.4,8.14
Bolivia (Plurinational State of),2016,96.37,88.87,73.72,NA,99.42,8.15
Bolivia (Plurinational State of),2017,97.31,91,74.46,NA,99.38,8.1
Bolivia (Plurinational State of),2018,97.32,91.95,76.19,NA,99.57,8.02
Bolivia (Plurinational State of),2019,95.25,91.66,76.98,NA,99.53,8.09
Bolivia (Plurinational State of),2020,96.95,93.05,80.27,NA,99.56,8.44
Bolivia (Plurinational State of),2021,98.72,94.23,81.87,NA,99.52,7.96
Bolivia (Plurinational State of),2022,NA,NA,NA,NA,NA,7.58
Bosnia and Herzegovina,2013,NA,NA,NA,47.26,100,NA
Bosnia and Herzegovina,2014,NA,NA,NA,48.99,NA,3.31
Bosnia and Herzegovina,2015,NA,NA,NA,48.62,NA,3.02
Bosnia and Herzegovina,2016,NA,NA,NA,48.67,NA,4.26
Bosnia and Herzegovina,2017,NA,NA,NA,46.42,NA,2.84
Bosnia and Herzegovina,2018,NA,NA,NA,43.16,NA,3.89
Bosnia and Herzegovina,2019,NA,NA,NA,41.6,NA,4.04
Bosnia and Herzegovina,2020,NA,NA,NA,40.88,NA,3.02
Bosnia and Herzegovina,2021,NA,NA,NA,43.58,NA,4.14
Bosnia and Herzegovina,2022,NA,NA,NA,44.63,99.7,NA
Bosnia and Herzegovina,2023,NA,NA,NA,44.98,NA,NA
Botswana,2013,NA,NA,NA,25.63,97.46,8.02
Botswana,2014,NA,NA,NA,24.62,NA,7.89
Botswana,2015,NA,NA,NA,27.17,NA,8.39
Botswana,2016,NA,NA,NA,23.29,NA,8.74
Botswana,2017,NA,NA,NA,22.44,NA,7.81
Botswana,2018,NA,NA,NA,NA,NA,7.91
Botswana,2019,NA,NA,NA,22.97,NA,8.4
Botswana,2020,NA,NA,NA,24.01,NA,8.06
Botswana,2021,NA,NA,NA,22.9,NA,NA
Botswana,2022,NA,NA,NA,22.38,NA,NA
Botswana,2023,NA,NA,NA,21.79,NA,NA
Brazil,2013,91.48,79.78,60.11,44.34,98.74,5.84
Brazil,2014,92.89,81.39,61.12,47.16,98.85,5.95
Brazil,2015,93.2,82.68,63.31,48.43,98.96,6.24
Brazil,2016,93.75,83.38,63.95,48.33,99.07,6.31
Brazil,2017,94.65,83.97,64.25,50.03,99.14,6.32
Brazil,2018,95.09,85.36,66.28,51.19,99.04,6.09
Brazil,2019,95.67,86.67,69.26,52.62,99.1,5.96
Brazil,2020,96.31,88.85,72.96,54.57,99.23,5.77
Brazil,2021,96.65,88.58,73.37,56.83,99.28,5.5
Brazil,2022,97.13,89.73,73.53,60.39,99.28,NA
British Virgin Islands,2013,NA,NA,NA,NA,NA,4.47
British Virgin Islands,2014,NA,NA,NA,NA,NA,4.02
British Virgin Islands,2015,NA,NA,NA,43.12,NA,4.7
British Virgin Islands,2016,NA,NA,NA,42.36,NA,3.26
British Virgin Islands,2017,NA,NA,NA,NA,NA,2.46
British Virgin Islands,2018,NA,NA,NA,17.12,NA,2.43
British Virgin Islands,2019,NA,NA,NA,26.09,NA,2.5
British Virgin Islands,2020,NA,NA,NA,32.44,NA,2.71
British Virgin Islands,2021,NA,NA,NA,32.71,NA,2.87
British Virgin Islands,2022,NA,NA,NA,31.36,NA,2.48
British Virgin Islands,2023,NA,NA,NA,29.42,NA,NA
Brunei Darussalam,2013,NA,NA,NA,24.02,NA,NA
Brunei Darussalam,2014,NA,NA,NA,31.53,NA,3.35
Brunei Darussalam,2015,NA,NA,NA,30.81,NA,NA
Brunei Darussalam,2016,NA,NA,NA,31.51,NA,4.43
Brunei Darussalam,2017,NA,NA,NA,34.91,NA,NA
Brunei Darussalam,2018,NA,NA,NA,31.54,NA,NA
Brunei Darussalam,2019,NA,NA,NA,31.4,NA,NA
Brunei Darussalam,2020,NA,NA,NA,32.7,NA,NA
Brunei Darussalam,2021,NA,NA,NA,30.22,99.77,NA
Brunei Darussalam,2022,NA,NA,NA,33.51,NA,NA
Brunei Darussalam,2023,NA,NA,NA,38.27,NA,NA
Bulgaria,2013,98.51,97.02,86,68.2,NA,4.06
Bulgaria,2014,97.52,95.04,87.73,72.98,NA,4.07
Bulgaria,2015,98.33,96.67,87.8,78.3,NA,3.91
Bulgaria,2016,98.05,96.09,86.69,80.64,NA,3.39
Bulgaria,2017,98.41,96.81,85.77,81.22,NA,4.08
Bulgaria,2018,98.17,96.34,87.62,83.13,NA,4.05
Bulgaria,2019,NA,94.51,84.25,84.75,NA,4.2
Bulgaria,2020,97.61,95.21,85.11,85.53,NA,4.51
Bulgaria,2021,99,97.99,86.97,85.3,98.06,4.73
Bulgaria,2022,NA,NA,NA,84.13,NA,NA
Burkina Faso,2013,NA,NA,NA,4.6,NA,4.08
Burkina Faso,2014,NA,NA,NA,4.92,50,4.05
Burkina Faso,2015,NA,NA,NA,4.93,NA,3.67
Burkina Faso,2016,NA,NA,NA,5.43,NA,NA
Burkina Faso,2017,NA,NA,13.79,5.86,NA,5.63
Burkina Faso,2018,NA,NA,NA,6.35,59,5.49
Burkina Faso,2019,65.92,40.27,15.59,6.94,47,5.41
Burkina Faso,2020,NA,NA,NA,7.68,NA,5.15
Burkina Faso,2021,60.26,34.44,16.2,9.36,62.67,5.22
Burkina Faso,2022,NA,NA,NA,9.73,53.64,5.28
Burkina Faso,2023,NA,NA,NA,10.17,NA,NA
Burundi,2013,NA,NA,NA,4.63,NA,6
Burundi,2014,NA,NA,NA,3.86,80,7.52
Burundi,2015,NA,NA,NA,5.39,NA,7.1
Burundi,2016,NA,NA,NA,4.09,84.36,4.97
Burundi,2017,50.14,25.34,7.16,4.44,88,5.01
Burundi,2018,NA,NA,NA,4.7,NA,5.41
Burundi,2019,NA,NA,NA,4.2,NA,5.35
Burundi,2020,NA,NA,NA,5.22,NA,5.32
Burundi,2021,NA,NA,NA,6.29,NA,4.87
Burundi,2022,NA,NA,NA,NA,93.56,4.82
Burundi,2023,NA,NA,NA,6.22,NA,NA
Cabo Verde,2013,NA,NA,NA,21.28,NA,4.56
Cabo Verde,2014,NA,NA,NA,21.79,NA,4.52
Cabo Verde,2015,NA,NA,NA,20.58,98,4.81
Cabo Verde,2016,NA,NA,NA,21.06,NA,4.75
Cabo Verde,2017,NA,NA,48.11,21.16,NA,4.59
Cabo Verde,2018,NA,NA,NA,20.22,NA,4.79
Cabo Verde,2019,NA,NA,NA,NA,NA,4.17
Cabo Verde,2020,NA,NA,55.65,NA,NA,NA
Cabo Verde,2021,NA,NA,NA,NA,NA,6.04
Cabo Verde,2022,NA,NA,NA,NA,98.74,4.67
Cambodia,2013,NA,NA,NA,NA,NA,1.48
Cambodia,2014,72.28,40.52,21.23,NA,90,1.57
Cambodia,2015,NA,NA,NA,14.65,92,1.7
Cambodia,2016,NA,NA,NA,NA,NA,1.87
Cambodia,2017,NA,NA,NA,15.07,NA,2.1
Cambodia,2018,NA,NA,NA,15.71,NA,2.45
Cambodia,2019,78.17,45.87,21.78,16.84,NA,2.83
Cambodia,2020,78.6,46.19,21.78,14.44,NA,3
Cambodia,2021,82.32,56.04,26.65,13.88,91.83,3.01
Cambodia,2022,NA,NA,NA,15,95.97,2.88
Cambodia,2023,NA,NA,NA,17.97,NA,2.95
Cameroon,2013,NA,NA,NA,15.45,NA,2.66
Cameroon,2014,73.65,43.25,16.01,16.41,NA,2.58
Cameroon,2015,NA,NA,NA,16.96,NA,2.66
Cameroon,2016,NA,NA,NA,12.46,NA,2.56
Cameroon,2017,NA,NA,NA,12.75,NA,3.06
Cameroon,2018,73.98,47.23,22.98,14.3,81.89,3.03
Cameroon,2019,NA,NA,NA,14.84,NA,3.05
Cameroon,2020,NA,NA,NA,15.32,86.24,3.1
Cameroon,2021,NA,NA,NA,16.91,NA,2.83
Cameroon,2022,NA,NA,NA,16.19,NA,2.62
Cameroon,2023,NA,NA,NA,15.79,NA,NA
Canada,2013,NA,NA,NA,65.77,NA,4.59
Canada,2014,NA,NA,NA,67.23,NA,4.84
Canada,2015,NA,NA,90.93,67.4,NA,4.74
Canada,2016,NA,NA,92.66,69.51,NA,4.82
Canada,2017,NA,NA,93.95,70.63,NA,4.96
Canada,2018,NA,NA,NA,69.58,NA,4.89
Canada,2019,NA,NA,NA,72.82,NA,4.77
Canada,2020,NA,NA,NA,74.16,NA,4.89
Canada,2021,NA,NA,NA,77.8,NA,4.75
Canada,2022,NA,NA,NA,77.31,NA,4.14
Cayman Islands,2013,NA,NA,NA,33.77,NA,NA
Cayman Islands,2014,NA,NA,NA,33.43,NA,NA
Cayman Islands,2015,NA,NA,NA,30.68,NA,NA
Cayman Islands,2016,NA,NA,NA,31.59,NA,NA
Cayman Islands,2017,NA,NA,NA,33.55,99,NA
Cayman Islands,2018,NA,NA,NA,33.23,NA,2.16
Cayman Islands,2019,NA,NA,NA,39.88,NA,1.14
Cayman Islands,2020,NA,NA,NA,47.55,NA,1.46
Cayman Islands,2021,NA,NA,NA,48.18,NA,1.31
Cayman Islands,2022,NA,NA,NA,44.54,NA,1.49
Central African Republic,2013,NA,NA,NA,NA,NA,2.64
Central African Republic,2014,NA,NA,NA,NA,NA,2.22
Central African Republic,2015,NA,NA,NA,NA,NA,1.91
Central African Republic,2016,NA,NA,NA,NA,NA,1.75
Central African Republic,2017,NA,NA,NA,NA,NA,1.75
Central African Republic,2018,NA,NA,NA,NA,38,1.57
Central African Republic,2019,27.05,12.31,5.58,NA,50.6,1.77
Central African Republic,2020,NA,NA,NA,NA,38.34,2.14
Central African Republic,2021,NA,NA,NA,NA,NA,1.87
Central African Republic,2022,NA,NA,NA,NA,NA,2.12
Chad,2013,NA,NA,NA,NA,NA,2.85
Chad,2014,27.32,13.9,9.81,3.5,NA,2.32
Chad,2015,NA,NA,NA,3.33,38.77,2.34
Chad,2016,NA,NA,NA,NA,31,2.39
Chad,2017,NA,NA,NA,NA,NA,2.45
Chad,2018,NA,NA,NA,NA,NA,2.26
Chad,2019,26.9,13.11,4.52,NA,45.13,2.37
Chad,2020,NA,NA,NA,4.53,NA,2.74
Chad,2021,NA,NA,NA,NA,NA,2.89
Chad,2022,NA,NA,NA,NA,36.07,2.54
Chile,2013,96.98,95.44,82.86,79.87,99.07,4.55
Chile,2014,NA,NA,NA,83.66,NA,4.75
Chile,2015,97.62,95.91,85.05,86.42,99.36,4.9
Chile,2016,NA,NA,NA,88.85,NA,5.37
Chile,2017,97.23,96.55,86.11,89.92,99.02,5.43
Chile,2018,NA,NA,NA,91.2,NA,5.47
Chile,2019,NA,NA,NA,92.07,NA,5.63
Chile,2020,97.91,97.29,87.04,89.11,NA,5.63
Chile,2021,NA,NA,NA,96.22,NA,5
Chile,2022,99.22,99.31,92.75,99.34,99.31,NA
China,2013,NA,NA,NA,32.76,NA,4.13
China,2014,97.21,82.56,60.87,43.88,NA,4.11
China,2015,NA,NA,NA,47.44,NA,4.24
China,2016,96.36,90.58,61.23,49.71,NA,4.21
China,2017,NA,NA,NA,51.58,NA,4.11
China,2018,97.76,90.27,74.99,54.01,NA,4.02
China,2019,NA,NA,NA,57.28,NA,4.06
China,2020,NA,NA,NA,62.24,100,4.23
China,2021,NA,NA,NA,67.39,NA,3.99
China,2022,NA,NA,NA,71.98,NA,4.02
China,2023,NA,NA,NA,74.82,NA,NA
"China, Hong Kong Special Administrative Region",2013,NA,NA,NA,68.09,NA,3.76
"China, Hong Kong Special Administrative Region",2014,NA,NA,NA,69.69,NA,3.57
"China, Hong Kong Special Administrative Region",2015,NA,NA,NA,68.7,NA,3.26
"China, Hong Kong Special Administrative Region",2016,NA,NA,NA,70.33,NA,3.29
"China, Hong Kong Special Administrative Region",2017,NA,NA,NA,72.92,NA,3.31
"China, Hong Kong Special Administrative Region",2018,NA,NA,NA,78.25,NA,3.33
"China, Hong Kong Special Administrative Region",2019,NA,NA,NA,83.85,NA,3.81
"China, Hong Kong Special Administrative Region",2020,NA,NA,NA,89.95,NA,4.41
"China, Hong Kong Special Administrative Region",2021,NA,NA,NA,97.38,NA,4
"China, Hong Kong Special Administrative Region",2022,NA,NA,NA,97.35,NA,3.73
"China, Hong Kong Special Administrative Region",2023,NA,NA,NA,100.46,NA,3.8
"China, Macao Special Administrative Region",2013,NA,NA,NA,61.86,NA,2.05
"China, Macao Special Administrative Region",2014,NA,NA,NA,69.3,NA,2.05
"China, Macao Special Administrative Region",2015,NA,NA,NA,76.17,NA,3
"China, Macao Special Administrative Region",2016,NA,NA,NA,79.93,100,3.1
"China, Macao Special Administrative Region",2017,NA,NA,NA,81.27,NA,2.71
"China, Macao Special Administrative Region",2018,NA,NA,NA,76.79,NA,2.73
"China, Macao Special Administrative Region",2019,NA,NA,NA,80.09,NA,3.07
"China, Macao Special Administrative Region",2020,NA,NA,NA,86.8,NA,6.39
"China, Macao Special Administrative Region",2021,NA,NA,NA,98.97,99.79,5.11
"China, Macao Special Administrative Region",2022,NA,NA,NA,116.23,NA,6.19
"China, Macao Special Administrative Region",2023,NA,NA,NA,129.15,NA,NA
Colombia,2013,91.54,74.86,68.27,50.75,98.27,NA
Colombia,2014,92.3,75.34,69.12,53.18,98.53,NA
Colombia,2015,92.45,74.87,70.35,54.8,98.52,NA
Colombia,2016,92.76,77.46,71.24,57.14,98.65,NA
Colombia,2017,93.12,76.82,72.69,58.4,98.65,NA
Colombia,2018,93.32,77.7,73.14,57.32,98.88,NA
Colombia,2019,93.91,78.73,73.21,56.67,98.82,NA
Colombia,2020,93.52,77.89,73.55,55.73,99,NA
Colombia,2021,94.61,80.53,75.17,58.32,99.11,NA
Colombia,2022,94.33,79.46,74.88,59.29,98.91,NA
Comoros,2013,NA,NA,NA,9.47,NA,2.38
Comoros,2014,NA,NA,NA,9.63,NA,2.74
Comoros,2015,NA,NA,NA,NA,NA,2.55
Comoros,2020,NA,NA,NA,NA,NA,2.38
Comoros,2021,NA,NA,NA,NA,NA,2.27
Comoros,2022,81.52,60.04,36.82,NA,82.02,2.43
Congo,2013,NA,NA,NA,8.57,NA,NA
Congo,2014,NA,NA,NA,NA,NA,3.18
Congo,2015,80.34,50.46,23.09,11.59,NA,3.14
Congo,2017,NA,NA,NA,12.26,NA,4.17
Congo,2018,NA,NA,NA,NA,NA,2.77
Congo,2019,NA,NA,NA,NA,NA,3.56
Congo,2020,NA,NA,NA,NA,NA,4.62
Congo,2021,NA,NA,NA,NA,82.36,3.67
Congo,2022,NA,NA,NA,NA,NA,2.95
Congo,2023,NA,NA,NA,10.35,NA,NA
Cook Islands,2013,NA,NA,NA,NA,NA,2.99
Cook Islands,2014,NA,NA,NA,NA,NA,4.1
Cook Islands,2015,NA,NA,NA,NA,NA,3.86
Cook Islands,2016,NA,NA,NA,NA,NA,4.36
Cook Islands,2017,NA,NA,NA,NA,NA,2.92
Cook Islands,2018,NA,NA,NA,NA,NA,4.02
Cook Islands,2019,NA,NA,NA,NA,NA,3.5
Cook Islands,2020,NA,NA,NA,NA,NA,3.66
Cook Islands,2021,NA,NA,NA,NA,NA,4.59
Cook Islands,2022,NA,NA,NA,NA,NA,5.97
Cook Islands,2023,NA,NA,NA,NA,NA,4.06
Costa Rica,2013,93.44,64.72,53.21,47.84,NA,6.69
Costa Rica,2014,94.51,66.59,54.82,50.76,NA,6.68
Costa Rica,2015,94.7,68.2,52.7,51.65,NA,6.87
Costa Rica,2016,95.38,69.02,55.49,52.13,NA,6.89
Costa Rica,2017,96.15,68.27,57.48,54.46,NA,7.07
Costa Rica,2018,96.31,73.52,58.48,52.87,80.55,6.77
Costa Rica,2019,96.88,76.14,61.76,54.72,NA,6.74
Costa Rica,2020,97.22,80.86,64.69,NA,NA,6.63
Costa Rica,2021,97.43,83.65,69.19,NA,99.53,6.25
Costa Rica,2022,98.13,89.48,77.75,NA,NA,NA
Côte d'Ivoire,2013,NA,NA,NA,8.12,NA,3.46
Côte d'Ivoire,2014,NA,NA,NA,8.37,53,3.31
Côte d'Ivoire,2015,NA,NA,NA,8.9,NA,3.49
Côte d'Ivoire,2016,56.59,28.26,15.66,9.09,62.99,3.94
Côte d'Ivoire,2017,NA,NA,NA,9.47,NA,3.74
Côte d'Ivoire,2018,NA,NA,NA,NA,NA,3.21
Côte d'Ivoire,2019,56.4,30.3,12.5,9.91,84,3.41
Côte d'Ivoire,2020,NA,NA,NA,9.78,NA,3.79
Côte d'Ivoire,2021,65.15,35.17,17.47,10.23,66.84,3.33
Côte d'Ivoire,2022,NA,NA,NA,10.63,NA,3.51
Côte d'Ivoire,2023,NA,NA,NA,11.12,NA,3.43
Croatia,2013,99.48,98.97,94.97,66.71,NA,4.52
Croatia,2014,99.43,98.86,96.5,68.64,NA,5.18
Croatia,2015,99.38,98.76,96.18,68.44,NA,4.97
Croatia,2016,99.39,98.77,96.16,69.59,NA,4.9
Croatia,2017,99.5,99.01,96.74,71.38,NA,3.86
Croatia,2018,99.52,99.04,95.95,72.86,NA,3.91
Croatia,2019,99.3,98.6,96.95,74.05,NA,3.92
Croatia,2020,99.17,98.35,97.33,74.74,NA,4.39
Croatia,2021,99.78,99.57,97.45,78.01,99.76,4.06
Croatia,2022,NA,NA,NA,80.76,NA,NA
Cuba,2013,NA,NA,NA,48,NA,10.67
Cuba,2014,99.5,97.5,86.05,40.51,NA,9.61
Cuba,2015,NA,NA,NA,36.22,NA,8.96
Cuba,2016,NA,NA,NA,34.46,NA,9.01
Cuba,2017,NA,NA,NA,40.43,NA,NA
Cuba,2018,NA,NA,NA,41.59,NA,NA
Cuba,2019,99.66,94.09,65.28,43.99,99.61,9.05
Cuba,2020,NA,NA,NA,45.93,NA,NA
Cuba,2021,NA,NA,NA,51.08,99.87,9.39
Cuba,2022,NA,NA,NA,41.48,NA,NA
Cuba,2023,NA,NA,NA,48.94,NA,NA
Curaçao,2013,NA,NA,NA,23.08,NA,5.12
Curaçao,2014,NA,NA,NA,23.67,NA,NA
Curaçao,2015,NA,NA,NA,19,NA,NA
Curaçao,2016,NA,NA,NA,18.32,NA,NA
Curaçao,2017,NA,NA,NA,16.51,NA,NA
Curaçao,2018,NA,NA,NA,15.87,NA,NA
Curaçao,2019,NA,NA,NA,15.28,NA,NA
Curaçao,2020,NA,NA,NA,14.88,NA,NA
Curaçao,2021,NA,NA,NA,15.75,NA,NA
Curaçao,2022,NA,NA,NA,15.9,NA,NA
Cyprus,2013,99.44,98.87,89.75,47.53,NA,6.47
Cyprus,2014,99.44,98.87,93.39,53.1,NA,6.42
Cyprus,2015,98.45,96.91,94.85,60.1,NA,6.3
Cyprus,2016,98.06,96.12,91.93,67.17,NA,6.12
Cyprus,2017,98.28,96.56,90.84,75.94,NA,5.7
Cyprus,2018,98.84,97.68,92.93,81.34,NA,5.03
Cyprus,2019,NA,94.17,93.13,88.49,NA,5.21
Cyprus,2020,NA,94.85,87.64,92.94,NA,5.64
Cyprus,2021,97.63,95.25,88.66,96.54,99.9,5.24
Cyprus,2022,NA,NA,NA,98.3,NA,NA
Czechia,2013,NA,NA,NA,66.32,NA,4.05
Czechia,2014,NA,NA,NA,67.4,NA,3.97
Czechia,2015,NA,NA,NA,67.23,NA,5.75
Czechia,2016,NA,NA,NA,67.51,NA,5.55
Czechia,2017,NA,NA,NA,67.71,NA,3.81
Czechia,2018,NA,NA,NA,66.79,NA,4.27
Czechia,2019,NA,NA,NA,66.88,NA,4.54
Czechia,2020,NA,NA,NA,67.18,NA,4.72
Czechia,2021,NA,NA,NA,69.84,NA,4.8
Czechia,2022,NA,NA,NA,70.81,NA,NA
Democratic People's Republic of Korea,2015,NA,NA,NA,28.02,NA,NA
Democratic People's Republic of Korea,2018,NA,NA,NA,27.21,100,NA
Democratic Republic of the Congo,2013,68.95,53.46,25.52,6.55,85.98,2.06
Democratic Republic of the Congo,2014,NA,NA,NA,NA,NA,1.95
Democratic Republic of the Congo,2015,NA,NA,NA,NA,NA,2.17
Democratic Republic of the Congo,2016,NA,NA,NA,6.08,85,2.12
Democratic Republic of the Congo,2017,NA,NA,NA,NA,NA,1.45
Democratic Republic of the Congo,2018,66.67,54.39,31.14,NA,84.07,NA
Democratic Republic of the Congo,2020,NA,NA,NA,6.67,NA,2.62
Democratic Republic of the Congo,2021,NA,NA,NA,NA,NA,2.66
Democratic Republic of the Congo,2022,NA,NA,NA,NA,88.1,3
Denmark,2013,99.94,99.87,73.59,80.42,NA,8.49
Denmark,2014,99.2,98.4,75.16,81.31,NA,7.63
Denmark,2015,99.3,98.59,75.77,83.3,NA,7.01
Denmark,2016,99.48,98.97,76.48,82.17,NA,7.69
Denmark,2017,99.53,99.07,76.36,81.32,NA,7.12
Denmark,2018,99.5,99.01,76.64,81.14,NA,7.3
Denmark,2019,99.39,98.79,78.13,81.69,NA,7.26
Denmark,2020,99.39,98.77,77.72,82.66,NA,7.38
Denmark,2021,99.42,98.84,77.9,83.98,NA,7
Denmark,2022,NA,NA,NA,84.59,NA,5.3
Djibouti,2013,NA,NA,NA,NA,NA,4.65
Djibouti,2014,NA,NA,NA,NA,NA,4.38
Djibouti,2015,NA,NA,NA,NA,NA,3.6
Djibouti,2016,NA,NA,NA,NA,NA,3.92
Djibouti,2017,81.03,62.41,39.76,NA,NA,3.73
Djibouti,2018,NA,NA,NA,NA,NA,3.75
Dominica,2013,NA,NA,NA,NA,NA,4.46
Dominica,2014,NA,NA,NA,NA,NA,4.52
Dominica,2015,NA,NA,NA,NA,NA,3.41
Dominica,2016,NA,NA,NA,NA,NA,5.13
Dominica,2017,NA,NA,NA,NA,NA,4.77
Dominica,2018,NA,NA,NA,NA,NA,5.15
Dominica,2019,NA,NA,NA,NA,NA,5.53
Dominica,2020,NA,NA,NA,NA,NA,4.7
Dominica,2021,NA,NA,76.85,NA,NA,5.47
Dominica,2022,NA,NA,NA,NA,NA,6.04
Dominica,2023,NA,NA,NA,NA,NA,4.66
Dominican Republic,2013,88.91,81.03,57.92,46.36,97.95,3.63
Dominican Republic,2014,88.41,84.11,62.5,49.32,98.14,3.62
Dominican Republic,2015,89.56,82.47,60.5,51.75,98.12,3.6
Dominican Republic,2016,90.42,83.69,62.58,54.5,98.48,3.85
Dominican Republic,2017,92.62,85.75,62.23,59.92,98.1,3.92
Dominican Republic,2018,92.94,85.33,62.61,63.15,98.54,3.92
Dominican Republic,2019,93.23,87.6,66.26,64.38,98.7,4.04
Dominican Republic,2020,92.21,90.01,64.07,58.73,98.86,4.52
Dominican Republic,2021,92.79,91.05,63.24,56.47,98.84,3.75
Dominican Republic,2022,93.36,88.83,65.55,55.17,98.53,3.94
Ecuador,2013,97.31,85.77,65.46,39.77,95.53,4.93
Ecuador,2014,97.64,86.98,64.47,NA,97.27,5.21
Ecuador,2015,98.08,88.73,67.11,44.54,97.25,5.11
Ecuador,2016,98.28,90.34,68.52,NA,97,4.36
Ecuador,2017,98.21,90.77,69.66,NA,97.54,4.61
Ecuador,2018,98.64,91.46,72.3,47.33,96.5,4.62
Ecuador,2019,98.25,90.54,74.16,47.26,94.88,4.25
Ecuador,2020,98.42,92.41,73.24,56.91,95.08,4.26
Ecuador,2021,98.84,93.21,79.09,NA,96.33,3.65
Ecuador,2022,99.03,93.17,80.48,59.88,96.37,3.6
Ecuador,2023,NA,NA,NA,NA,NA,3.89
Egypt,2013,NA,NA,NA,28.52,92,4.12
Egypt,2014,90.87,80.25,41.89,29.17,NA,4.25
Egypt,2015,91.38,81.71,72.25,32.81,NA,3.93
Egypt,2016,NA,NA,NA,31.93,NA,NA
Egypt,2017,93.69,84.06,76.06,33.16,88,NA
Egypt,2018,NA,NA,NA,36.72,NA,NA
Egypt,2020,NA,NA,NA,40.01,NA,NA
Egypt,2022,NA,NA,NA,37.82,92.24,NA
Egypt,2023,NA,NA,NA,39.38,NA,NA
El Salvador,2013,87.84,71.03,53.01,28.11,97.22,3.8
El Salvador,2014,88.41,72.5,54.36,27.37,97.77,3.82
El Salvador,2015,88.51,72.58,55.51,27.21,97.95,3.91
El Salvador,2016,87.93,74.11,56.49,27.01,98.01,3.83
El Salvador,2017,88.31,73.43,57.25,27.47,97.98,3.73
El Salvador,2018,89.71,75.07,59.24,28.03,97.97,3.61
El Salvador,2019,89.82,74.62,58.93,28.37,98.35,3.39
El Salvador,2020,91.94,77.22,64.44,30.82,98.51,3.66
El Salvador,2021,90.64,76.79,59.9,30.13,98.07,3.58
El Salvador,2022,90.69,76.16,62.64,31.28,98.27,3.26
El Salvador,2023,NA,NA,NA,32.23,98,3.17
Equatorial Guinea,2018,NA,NA,NA,6.16,NA,NA
Equatorial Guinea,2019,NA,NA,NA,5.37,NA,NA
Eritrea,2014,NA,NA,NA,3.89,NA,NA
Eritrea,2015,NA,NA,NA,3.31,NA,NA
Eritrea,2016,NA,NA,NA,3.01,NA,NA
Eritrea,2018,NA,NA,NA,NA,93.27,NA
Estonia,2013,99.09,98.19,84.46,75.45,NA,4.84
Estonia,2014,99.56,99.13,83.86,76.2,NA,4.39
Estonia,2015,99.41,98.82,80.12,74.58,NA,5.14
Estonia,2016,99.47,98.95,84.54,73.03,NA,5.16
Estonia,2017,99.53,99.07,83.03,72.14,NA,4.96
Estonia,2018,99.45,98.9,81.95,72.07,NA,5.24
Estonia,2019,99.52,99.03,82.79,72.71,NA,5.26
Estonia,2020,99.24,98.48,87.18,72.04,NA,5.53
Estonia,2021,99.75,99.49,85.77,73.15,99.99,5.26
Estonia,2022,NA,NA,NA,71.43,NA,NA
Eswatini,2013,NA,NA,NA,6.18,NA,5.08
Eswatini,2014,70.23,50.53,32.3,NA,NA,7.07
Eswatini,2015,NA,NA,NA,NA,NA,5.35
Eswatini,2016,NA,NA,NA,NA,NA,5.43
Eswatini,2017,NA,NA,NA,NA,NA,6.18
Eswatini,2018,NA,NA,NA,NA,NA,5.74
Eswatini,2019,NA,NA,NA,NA,NA,5.7
Eswatini,2020,NA,NA,NA,NA,95.89,5.36
Eswatini,2021,NA,NA,NA,NA,NA,5.29
Eswatini,2022,79.69,57.75,36.64,NA,98.66,5.69
Eswatini,2023,NA,NA,NA,NA,NA,6.31
Ethiopia,2013,NA,NA,NA,NA,NA,4.82
Ethiopia,2014,NA,NA,NA,7.74,NA,4.79
Ethiopia,2015,NA,NA,NA,NA,NA,5.15
Ethiopia,2016,49.31,21.54,11.59,NA,71.79,5.06
Ethiopia,2017,NA,NA,NA,NA,72.75,5.5
Ethiopia,2018,NA,NA,NA,NA,NA,5.22
Ethiopia,2019,55.65,28.45,15.54,NA,NA,4.48
Ethiopia,2020,NA,NA,NA,NA,NA,4.09
Ethiopia,2021,NA,NA,NA,NA,NA,4.07
Ethiopia,2022,NA,NA,NA,NA,NA,3.74
Fiji,2013,NA,NA,NA,NA,NA,4.35
Fiji,2014,NA,NA,NA,69.23,NA,3.77
Fiji,2015,NA,NA,NA,68.35,NA,4.81
Fiji,2016,NA,NA,NA,77.86,NA,4.84
Fiji,2017,NA,NA,NA,82.95,NA,4.65
Fiji,2018,NA,NA,NA,79.93,NA,4.8
Fiji,2019,NA,NA,NA,78.26,NA,5.15
Fiji,2020,NA,NA,NA,84.2,NA,5.81
Fiji,2021,98.44,88.99,54.57,76.65,97.58,4.85
Fiji,2022,NA,NA,NA,68.41,NA,3.94
Fiji,2023,NA,NA,NA,60.32,NA,4.25
Finland,2013,99.86,99.71,85.76,91.24,NA,7.12
Finland,2014,99.84,99.69,90.07,89.99,NA,7.1
Finland,2015,99.28,98.57,88.9,89.66,NA,7.03
Finland,2016,99.7,99.41,90.12,89.33,NA,6.85
Finland,2017,99.64,99.29,87.71,90.7,NA,6.36
Finland,2018,99.73,99.47,89.92,92.39,NA,6.28
Finland,2019,99.65,99.3,88.28,94.59,NA,6.42
Finland,2020,99.54,99.08,88.52,96.47,NA,6.63
Finland,2021,99.77,99.54,90.22,100.87,NA,6.54
Finland,2022,NA,NA,NA,104.94,NA,NA
France,2013,99.42,98.83,87.85,59.85,NA,5.49
France,2014,99.23,98.47,86.97,61.51,NA,5.49
France,2015,99.47,98.93,86.66,62.79,NA,5.45
France,2016,99.34,98.69,88.05,64.73,NA,5.41
France,2017,99.18,98.36,86.71,65.8,NA,5.45
France,2018,99.41,98.82,87.92,67.54,NA,5.41
France,2019,99.39,98.79,87.91,67.73,NA,5.35
France,2020,99.08,98.15,88.06,68.87,NA,5.66
France,2021,99.14,98.27,91.44,69.94,NA,5.43
France,2022,NA,NA,NA,71.42,NA,NA
Gabon,2013,NA,NA,NA,NA,NA,3.03
Gabon,2014,NA,NA,NA,NA,NA,2.67
Gabon,2015,NA,NA,NA,NA,NA,2.82
Gabon,2016,NA,NA,NA,NA,NA,2.67
Gabon,2017,NA,NA,NA,NA,NA,3.56
Gabon,2018,NA,NA,NA,NA,NA,3.07
Gabon,2019,NA,NA,NA,19.62,NA,2.87
Gabon,2020,NA,NA,NA,NA,NA,3.4
Gabon,2021,73.61,44.86,21.79,14.74,93.98,2.7
Gabon,2022,NA,NA,NA,NA,90.64,2.21
Gambia,2013,61.99,48.29,30.19,NA,60.78,1.82
Gambia,2014,NA,NA,NA,NA,NA,2.22
Gambia,2015,NA,NA,NA,NA,67,2.19
Gambia,2016,NA,NA,NA,NA,NA,2.17
Gambia,2017,NA,NA,NA,NA,NA,2.46
Gambia,2018,65.52,45.79,26.38,NA,71.08,2.37
Gambia,2019,NA,NA,NA,NA,NA,2.81
Gambia,2020,63.77,48.64,28.8,NA,NA,2.89
Gambia,2021,NA,NA,NA,NA,67.49,3.04
Gambia,2022,NA,NA,NA,NA,74.7,2.74
Gambia,2023,NA,NA,NA,NA,NA,2.7
Georgia,2013,100,98.65,96.01,39.47,NA,3.47
Georgia,2014,NA,NA,NA,45.77,100,3
Georgia,2015,NA,NA,NA,51.18,NA,3.16
Georgia,2016,100,100,94.9,57.39,NA,3.52
Georgia,2017,NA,NA,NA,62.75,100,3.52
Georgia,2018,99.91,97.7,77.27,66.04,99.92,3.46
Georgia,2019,NA,NA,NA,69.02,NA,3.83
Georgia,2020,NA,NA,NA,71.31,NA,3.85
Georgia,2021,NA,NA,NA,76.82,NA,3.59
Georgia,2022,NA,NA,NA,78.94,100,3.75
Georgia,2023,NA,NA,NA,80.28,NA,3.74
Germany,2013,98.45,96.9,78.98,60.9,NA,4.94
Germany,2014,NA,93.87,79.28,65.18,NA,4.92
Germany,2015,NA,92.62,78.76,68.23,NA,4.86
Germany,2016,NA,93.22,79.77,67.95,NA,4.84
Germany,2017,NA,93.16,79.98,68.47,NA,4.87
Germany,2018,NA,92.99,78.95,69.16,NA,4.98
Germany,2019,NA,92.69,79.69,72.71,NA,5.12
Germany,2020,NA,93.64,81.28,72.39,NA,5.59
Germany,2021,NA,92.2,78.37,75.67,NA,5.45
Germany,2022,NA,NA,NA,77.37,NA,4.54
Ghana,2013,NA,NA,NA,11.76,NA,4.58
Ghana,2014,65.83,50.07,35.81,15.21,87.6,3.68
Ghana,2015,NA,NA,NA,15.73,NA,3.69
Ghana,2016,NA,NA,NA,14.21,NA,3.45
Ghana,2017,70.96,47.39,35.74,16.37,87.78,3.19
Ghana,2018,NA,NA,NA,16.02,NA,3.02
Ghana,2019,NA,NA,NA,17.43,NA,3.15
Ghana,2020,NA,NA,NA,18.65,93.48,3.41
Ghana,2021,NA,NA,NA,19.19,NA,3.42
Ghana,2022,71.44,63.96,47.68,20.39,85.86,2.91
Ghana,2023,NA,NA,NA,21.99,NA,NA
Greece,2013,98.33,96.67,86.87,112.71,NA,4.5
Greece,2014,98.6,97.2,89.67,119.1,NA,4.32
Greece,2015,98.91,97.81,90.62,NA,NA,3.66
Greece,2016,99.27,98.54,91.89,131.4,NA,4.02
Greece,2017,98.78,97.56,92.92,135.33,NA,3.48
Greece,2018,99.17,98.35,94.03,140.95,NA,3.6
Greece,2019,99.26,98.52,94.71,143.96,NA,3.59
Greece,2020,99.47,98.94,95.14,143.69,NA,4.5
Greece,2021,99.06,98.12,93.06,150.61,NA,4.08
Greece,2022,NA,NA,NA,166.67,NA,NA
Grenada,2014,NA,NA,NA,NA,NA,4.48
Grenada,2015,NA,NA,NA,92.88,NA,4.24
Grenada,2016,NA,NA,NA,93.22,NA,NA
Grenada,2017,NA,NA,NA,95.38,NA,3.17
Grenada,2018,NA,NA,NA,96.89,NA,3.56
Grenada,2021,NA,NA,NA,NA,NA,4.09
Grenada,2022,NA,NA,NA,NA,NA,3.94
Guatemala,2013,NA,NA,NA,19.66,92,2.89
Guatemala,2014,72.55,48.88,34.03,18.35,93.35,2.99
Guatemala,2015,78.26,48.41,26.33,22.07,95.18,3.03
Guatemala,2016,NA,NA,NA,16.12,NA,2.94
Guatemala,2017,NA,NA,NA,17.1,NA,2.95
Guatemala,2018,NA,NA,NA,17.52,95,3.13
Guatemala,2019,NA,NA,NA,22.65,NA,3.19
Guatemala,2020,NA,NA,NA,18.69,NA,3.3
Guatemala,2021,NA,NA,NA,NA,NA,3.11
Guatemala,2022,85.24,57.23,25.65,NA,94.98,3.23
Guatemala,2023,NA,NA,NA,27.28,NA,3.18
Guinea,2013,NA,NA,NA,10.48,NA,2.63
Guinea,2014,NA,NA,NA,10.89,46,2.42
Guinea,2015,NA,NA,NA,8.7,NA,2.52
Guinea,2016,53.69,32.95,20.16,8.64,NA,2.54
Guinea,2017,NA,NA,NA,8.53,NA,2.32
Guinea,2018,45.14,26.3,16.4,7.6,54,2.38
Guinea,2019,NA,NA,NA,6.84,NA,1.86
Guinea,2020,NA,NA,NA,5.77,NA,2.43
Guinea,2021,NA,NA,NA,6.72,60.33,2.04
Guinea,2022,NA,NA,NA,NA,NA,1.99
Guinea-Bissau,2013,NA,NA,NA,NA,NA,2.01
Guinea-Bissau,2014,29.15,17.08,6.59,NA,60.4,NA
Guinea-Bissau,2019,44.69,30.83,19.19,NA,75.32,NA
Guinea-Bissau,2022,NA,NA,NA,NA,68.95,NA
Guyana,2014,97.53,84.05,56.15,NA,96.69,4.36
Guyana,2015,NA,NA,NA,NA,NA,3.9
Guyana,2016,NA,NA,NA,NA,NA,4.74
Guyana,2017,NA,NA,NA,NA,NA,4.66
Guyana,2018,NA,NA,NA,NA,NA,4.45
Guyana,2019,98.22,83.02,61.75,NA,NA,NA
Guyana,2020,NA,NA,NA,NA,99.14,NA
Guyana,2022,NA,NA,NA,NA,97.9,NA
Haiti,2014,NA,NA,NA,NA,NA,1.75
Haiti,2015,NA,NA,NA,NA,NA,1.85
Haiti,2016,NA,NA,NA,NA,82.99,1.39
Haiti,2017,52.98,34.54,16.41,NA,88.87,1.5
Haiti,2018,NA,NA,NA,NA,NA,1.64
Haiti,2019,NA,NA,NA,NA,NA,1.76
Haiti,2020,NA,NA,NA,NA,NA,1.37
Haiti,2021,NA,NA,NA,NA,NA,1.24
Haiti,2022,NA,NA,NA,NA,NA,1.27
Honduras,2013,82.65,51.56,41.6,19.39,95.07,5.87
Honduras,2014,82.53,48.56,37.13,19.66,95.68,7.09
Honduras,2015,84.78,50.85,42.66,20.27,96.01,6.41
Honduras,2016,84.38,52.76,43.42,20.95,96.13,6.1
Honduras,2017,NA,NA,NA,24.46,NA,5.74
Honduras,2018,86.91,53.51,37.86,26.21,96.52,6.06
Honduras,2019,88.77,57.14,42.43,25.13,96.08,5.93
Honduras,2020,NA,NA,NA,22.78,NA,5.98
Honduras,2021,NA,NA,NA,22.46,NA,5.81
Honduras,2022,NA,NA,NA,22.17,NA,4.44
Honduras,2023,NA,NA,NA,NA,NA,4.05
Hungary,2013,99.33,98.65,85.85,57.21,NA,4.19
Hungary,2014,99.44,98.88,86.89,52.82,NA,4.6
Hungary,2015,99.44,98.87,86.21,50.07,NA,4.5
Hungary,2016,99.44,98.89,84.5,49.48,NA,4.62
Hungary,2017,99.3,98.59,84.53,49.91,NA,4.65
Hungary,2018,99.23,98.47,85.72,50.9,NA,4.62
Hungary,2019,99.02,98.04,87.12,52.36,NA,4.22
Hungary,2020,99.2,98.41,86.45,54.6,NA,4.15
Hungary,2021,99.2,98.41,84.25,56.53,98.7,4.68
Hungary,2022,NA,NA,NA,58.07,NA,NA
Iceland,2013,NA,NA,NA,78.37,NA,7.45
Iceland,2014,NA,NA,NA,80.4,NA,7.64
Iceland,2015,NA,NA,NA,75.64,NA,7.46
Iceland,2016,NA,NA,NA,74.7,NA,7.43
Iceland,2017,NA,NA,NA,71.34,NA,7.58
Iceland,2018,NA,NA,NA,69.34,NA,7.56
Iceland,2019,NA,NA,NA,70.61,NA,7.6
Iceland,2020,NA,NA,NA,74.59,NA,8.58
Iceland,2021,NA,NA,NA,86.52,NA,8.22
Iceland,2022,NA,NA,NA,84.99,NA,7.14
India,2013,NA,NA,NA,24.39,NA,3.84
India,2014,NA,NA,NA,25.99,NA,3.9
India,2015,NA,NA,NA,27.28,NA,4.11
India,2016,91.6,81,43.03,27.3,90.29,4.26
India,2017,NA,NA,NA,27.91,NA,4.31
India,2018,NA,NA,NA,28.53,NA,4.38
India,2019,94.15,85.76,50.63,29.02,NA,3.9
India,2020,NA,NA,NA,29.82,94.6,4.04
India,2021,NA,NA,NA,31.57,NA,4.64
India,2022,NA,NA,NA,32.67,97,4.12
India,2023,NA,NA,NA,33.12,97,NA
Indonesia,2013,NA,NA,NA,30.44,NA,3.36
Indonesia,2014,NA,NA,NA,30.53,100,3.29
Indonesia,2015,NA,NA,NA,33.03,100,3.58
Indonesia,2016,NA,NA,NA,35.48,100,1.21
Indonesia,2017,96.64,85.93,63.11,36.63,99.58,1.05
Indonesia,2018,NA,NA,NA,36.8,100,0.99
Indonesia,2019,NA,NA,NA,37.93,NA,0.96
Indonesia,2020,NA,NA,NA,38.65,100,1.02
Indonesia,2021,NA,NA,NA,41,NA,1.03
Indonesia,2022,NA,NA,NA,42.63,NA,0.86
Indonesia,2023,NA,NA,NA,45.14,NA,1.28
Iran (Islamic Republic of),2013,NA,NA,NA,56.62,98,2.85
Iran (Islamic Republic of),2014,NA,NA,NA,64.97,98,2.62
Iran (Islamic Republic of),2015,NA,NA,NA,72.12,NA,2.63
Iran (Islamic Republic of),2016,NA,NA,NA,69.18,98,3.17
Iran (Islamic Republic of),2017,NA,NA,NA,68.13,NA,3.46
Iran (Islamic Republic of),2018,NA,NA,NA,62.71,NA,3.62
Iran (Islamic Republic of),2019,NA,NA,NA,59.95,NA,3.24
Iran (Islamic Republic of),2020,NA,NA,NA,57.34,NA,3.2
Iran (Islamic Republic of),2021,NA,NA,NA,55.8,NA,NA
Iran (Islamic Republic of),2022,NA,NA,NA,60.69,98.81,3.06
Iran (Islamic Republic of),2023,NA,NA,NA,NA,NA,2.93
Iraq,2014,NA,NA,NA,NA,89,NA
Iraq,2016,NA,NA,NA,NA,91,NA
Iraq,2017,NA,NA,NA,NA,94,NA
Iraq,2018,75.67,46.43,32.13,NA,NA,NA
Ireland,2013,NA,NA,NA,71.7,NA,5.35
Ireland,2014,NA,NA,NA,73.81,NA,4.87
Ireland,2015,NA,NA,NA,77.23,NA,3.75
Ireland,2016,NA,NA,NA,77.56,NA,3.75
Ireland,2017,NA,NA,NA,77.78,NA,3.49
Ireland,2018,NA,NA,NA,77.28,NA,3.38
Ireland,2019,NA,NA,NA,75.18,NA,3.3
Ireland,2020,NA,NA,NA,74.68,NA,3.25
Ireland,2021,NA,NA,NA,78.78,NA,3.01
Ireland,2022,NA,NA,NA,76.6,NA,NA
Israel,2013,100,98.5,NA,62.06,NA,5.78
Israel,2014,NA,NA,NA,62.11,NA,5.7
Israel,2015,99.95,98.79,NA,60.82,NA,5.8
Israel,2016,NA,NA,NA,60.45,NA,5.8
Israel,2017,99.84,98.66,NA,59.07,NA,6.01
Israel,2018,100,98.86,NA,57.39,NA,6.06
Israel,2019,NA,NA,NA,55.94,NA,6.04
Israel,2020,NA,NA,NA,56.43,NA,6.48
Israel,2021,NA,NA,NA,58.99,NA,6.18
Israel,2022,NA,NA,NA,57.64,NA,6.46
Italy,2013,99.47,98.95,79.69,60.89,NA,4.14
Italy,2014,99.36,98.73,81.13,60.88,NA,4.06
Italy,2015,99.33,98.65,81.25,60.94,NA,4.07
Italy,2016,99.48,98.96,81.98,61.36,NA,3.82
Italy,2017,99.54,99.08,83.07,62.7,NA,4.04
Italy,2018,99.5,99.01,82.59,64.48,NA,4.26
Italy,2019,99.6,99.2,83.43,65.69,100,4.1
Italy,2020,99.64,99.28,84.61,68.72,NA,4.44
Italy,2021,99.69,99.38,84.62,71.27,NA,4.22
Italy,2022,NA,NA,NA,73.9,NA,NA
Jamaica,2013,NA,NA,NA,25.82,NA,6.25
Jamaica,2014,NA,NA,NA,NA,NA,6.02
Jamaica,2015,NA,NA,NA,26.41,NA,5.46
Jamaica,2016,NA,NA,NA,NA,NA,5.31
Jamaica,2017,NA,NA,NA,NA,NA,5.26
Jamaica,2018,NA,NA,NA,NA,NA,5.41
Jamaica,2019,NA,NA,NA,NA,NA,5.16
Jamaica,2020,NA,NA,NA,NA,NA,5.62
Jamaica,2021,99.55,98.2,89.71,NA,NA,5.63
Jamaica,2022,99.19,95.43,87.23,NA,93.57,5.35
Jamaica,2023,NA,NA,NA,NA,NA,5.65
Japan,2013,NA,NA,NA,62.84,NA,3.41
Japan,2014,NA,NA,NA,62.73,NA,3.42
Japan,2015,NA,NA,NA,62.47,NA,3.31
Japan,2016,NA,NA,NA,63.19,NA,3.15
Japan,2017,NA,NA,NA,62.46,NA,3.13
Japan,2018,NA,NA,NA,62.21,NA,3.08
Japan,2019,NA,NA,NA,62.12,NA,3.16
Japan,2020,NA,NA,NA,62.14,NA,3.31
Japan,2021,NA,NA,NA,63.17,NA,3.34
Japan,2022,NA,NA,NA,64.63,NA,3.24
Jordan,2013,97.93,92.74,56.91,NA,NA,NA
Jordan,2015,NA,NA,NA,36.63,NA,NA
Jordan,2016,NA,NA,NA,34.06,NA,3.45
Jordan,2017,96.61,87.06,56.73,28.62,NA,3.21
Jordan,2018,NA,NA,NA,31.56,97.09,2.95
Jordan,2019,NA,NA,NA,30.11,NA,2.99
Jordan,2020,NA,NA,NA,30.29,NA,NA
Jordan,2021,NA,NA,NA,30.45,NA,3.14
Jordan,2022,NA,NA,NA,32.51,NA,3.16
Jordan,2023,NA,NA,NA,33.06,99,NA
Kazakhstan,2013,NA,NA,NA,53.47,NA,3.45
Kazakhstan,2014,NA,NA,NA,51.71,NA,3.43
Kazakhstan,2015,99.88,99.75,93.79,49.03,NA,3.34
Kazakhstan,2016,NA,NA,NA,46.82,NA,3.56
Kazakhstan,2017,NA,NA,NA,51.07,NA,3.39
Kazakhstan,2018,NA,NA,NA,53.52,NA,3.15
Kazakhstan,2019,NA,97.35,97.61,59.58,NA,3.35
Kazakhstan,2020,NA,NA,NA,64.85,99.9,4.45
Kazakhstan,2021,NA,NA,NA,61.23,NA,4.39
Kazakhstan,2022,NA,NA,NA,58.94,NA,4.46
Kazakhstan,2023,NA,NA,NA,56.53,NA,NA
Kazakhstan,2024,NA,NA,NA,54.88,NA,NA
Kenya,2013,NA,NA,NA,NA,NA,4.84
Kenya,2014,84.14,70.51,42.32,NA,86.53,4.72
Kenya,2015,NA,NA,NA,9.3,NA,4.95
Kenya,2016,NA,NA,NA,11.7,NA,4.67
Kenya,2017,NA,NA,NA,11.89,NA,4.27
Kenya,2018,NA,NA,NA,NA,NA,5.32
Kenya,2019,80.43,72,55.61,10.57,NA,5.37
Kenya,2020,77.74,71.41,50.17,NA,NA,5.05
Kenya,2021,NA,NA,NA,NA,NA,4.89
Kenya,2022,90.48,83.67,58.86,NA,95.73,4.51
Kenya,2023,NA,NA,NA,NA,NA,3.96
Kiribati,2013,NA,NA,NA,NA,NA,13.22
Kiribati,2014,NA,NA,NA,NA,NA,12.95
Kiribati,2015,NA,NA,NA,NA,NA,12.11
Kiribati,2016,NA,NA,NA,NA,NA,13.48
Kiribati,2017,NA,NA,NA,NA,NA,13.57
Kiribati,2018,94.09,78.36,16.73,NA,97.16,15.38
Kiribati,2019,NA,NA,NA,NA,NA,13.77
Kiribati,2021,NA,NA,NA,NA,NA,14.2
Kuwait,2013,NA,NA,NA,NA,99,NA
Kuwait,2014,NA,NA,NA,54.02,NA,NA
Kuwait,2015,NA,NA,NA,58.7,99,NA
Kuwait,2016,NA,NA,NA,57.78,NA,5.96
Kuwait,2017,NA,NA,NA,55.13,99,6.35
Kuwait,2018,NA,NA,NA,52.11,99,6.39
Kuwait,2019,NA,NA,NA,50.47,NA,6.73
Kuwait,2020,NA,NA,NA,53.73,99,6.25
Kuwait,2021,NA,NA,NA,61.56,NA,7.76
Kuwait,2022,NA,NA,NA,NA,NA,6.58
Kuwait,2023,NA,NA,NA,NA,NA,5.03
Kyrgyzstan,2013,NA,NA,NA,46.14,NA,6.78
Kyrgyzstan,2014,99.27,95.86,80.58,44.06,NA,6.47
Kyrgyzstan,2015,NA,NA,NA,44.67,NA,6.97
Kyrgyzstan,2016,NA,NA,NA,43.4,NA,6.59
Kyrgyzstan,2017,NA,NA,NA,41.28,NA,6.03
Kyrgyzstan,2018,99.22,98.92,83.36,39.92,NA,5.55
Kyrgyzstan,2019,NA,NA,NA,41.56,99.7,6.07
Kyrgyzstan,2020,NA,NA,NA,45.92,NA,6.62
Kyrgyzstan,2021,NA,NA,NA,52.53,NA,6.17
Kyrgyzstan,2022,NA,NA,NA,55.92,NA,7.17
Kyrgyzstan,2023,NA,NA,NA,56.02,NA,6.83
Kyrgyzstan,2024,NA,NA,NA,55.62,NA,NA
Lao People's Democratic Republic,2013,NA,NA,NA,19.1,NA,3.23
Lao People's Democratic Republic,2014,NA,NA,NA,18.61,NA,2.94
Lao People's Democratic Republic,2015,NA,NA,NA,18.18,92,2.74
Lao People's Democratic Republic,2016,NA,NA,NA,17.12,NA,2.77
Lao People's Democratic Republic,2017,83.43,53.57,31.09,15.44,87.92,2.5
Lao People's Democratic Republic,2018,NA,NA,NA,14.52,NA,2.34
Lao People's Democratic Republic,2019,NA,NA,NA,13.77,NA,2.12
Lao People's Democratic Republic,2020,NA,NA,NA,12.58,NA,1.92
Lao People's Democratic Republic,2021,NA,NA,NA,12.46,NA,1.86
Lao People's Democratic Republic,2022,NA,NA,NA,13.7,94.51,1.46
Lao People's Democratic Republic,2023,NA,NA,NA,14.9,NA,1.23
Latvia,2013,99.39,98.79,88.75,69.08,NA,7
Latvia,2014,98.86,97.71,88.53,70.9,NA,5.28
Latvia,2015,99.34,98.68,86.3,74.3,NA,5.28
Latvia,2016,99.61,99.22,85,80.6,NA,4.66
Latvia,2017,99.92,99.83,86.74,88.06,NA,4.37
Latvia,2018,99.27,98.53,90.3,93.02,NA,4.24
Latvia,2019,99.48,98.97,86.26,94.86,NA,4.44
Latvia,2020,99.53,99.06,91.03,94.51,NA,4.85
Latvia,2021,99.71,99.42,90.7,93.48,99.82,4.62
Latvia,2022,NA,NA,NA,91.33,NA,NA
Lebanon,2013,NA,NA,NA,48.07,NA,2.43
Lebanon,2014,NA,NA,NA,42.53,NA,NA
Lebanon,2015,NA,NA,NA,38.82,NA,NA
Lebanon,2016,NA,NA,NA,42.11,NA,2.13
Lebanon,2017,NA,NA,NA,43.99,NA,2.14
Lebanon,2018,NA,NA,NA,47.28,97,2.53
Lebanon,2019,NA,NA,NA,50.35,NA,2.6
Lebanon,2020,NA,NA,NA,51.7,NA,1.67
Lebanon,2021,NA,NA,NA,58.44,NA,NA
Lebanon,2022,NA,NA,NA,61.6,NA,NA
Lebanon,2023,NA,NA,NA,60.17,NA,NA
Lesotho,2013,NA,NA,NA,10.56,NA,7.29
Lesotho,2014,64.9,26.56,10.81,10.45,86.63,7.2
Lesotho,2015,NA,NA,NA,9.69,NA,7.64
Lesotho,2016,NA,NA,NA,NA,NA,7.55
Lesotho,2017,NA,NA,NA,10.15,NA,7.23
Lesotho,2018,79.89,44.33,31.87,9.72,95.19,7.4
Lesotho,2019,NA,NA,NA,NA,NA,7.19
Lesotho,2020,NA,NA,NA,NA,NA,7
Lesotho,2021,NA,NA,NA,NA,NA,7.51
Lesotho,2022,NA,NA,NA,NA,89.73,6.43
Lesotho,2023,NA,NA,NA,NA,NA,6.69
Liberia,2013,34.25,25.54,12.99,NA,75.06,1.69
Liberia,2014,NA,NA,NA,NA,NA,2.17
Liberia,2015,NA,NA,NA,NA,NA,2.12
Liberia,2016,11.21,11.3,13.67,NA,NA,2.11
Liberia,2017,NA,NA,NA,NA,55.4,2.25
Liberia,2018,NA,NA,NA,NA,NA,2.41
Liberia,2019,30.53,27.35,19.42,NA,77.46,2.17
Liberia,2020,NA,NA,NA,NA,NA,2.14
Liberia,2021,NA,NA,NA,NA,NA,2.11
Liberia,2022,NA,NA,NA,NA,NA,2.28
Liechtenstein,2014,NA,NA,NA,37.49,NA,NA
Liechtenstein,2015,NA,NA,NA,33.54,NA,NA
Liechtenstein,2016,NA,NA,NA,35.02,NA,NA
Liechtenstein,2017,NA,NA,NA,35.62,NA,NA
Liechtenstein,2018,NA,NA,NA,38.3,NA,NA
Liechtenstein,2019,NA,NA,NA,41.17,NA,NA
Liechtenstein,2020,NA,NA,NA,42.6,NA,NA
Liechtenstein,2021,NA,NA,NA,46.02,NA,NA
Lithuania,2013,99.14,98.28,92.14,73.53,NA,4.6
Lithuania,2014,99.23,98.46,92.37,68.9,NA,4.49
Lithuania,2015,99.39,98.78,91.33,67.74,NA,4.23
Lithuania,2016,99.13,98.25,94.28,67.74,NA,4
Lithuania,2017,99.23,98.47,92.15,68.39,NA,3.81
Lithuania,2018,99.53,99.07,94.75,69.72,NA,3.89
Lithuania,2019,99.53,99.06,94.94,70.18,NA,3.96
Lithuania,2020,99.4,98.8,90.85,69.15,NA,4.51
Lithuania,2021,99.55,99.09,91.35,70.66,99.95,4.25
Lithuania,2022,NA,NA,NA,76.92,NA,NA
Luxembourg,2013,NA,94.3,79.9,NA,NA,4.69
Luxembourg,2014,NA,92.5,79.4,NA,NA,3.86
Luxembourg,2015,NA,93.89,71.29,20.29,NA,3.77
Luxembourg,2016,NA,92.97,78.98,19.92,NA,4.47
Luxembourg,2017,NA,93.4,78.04,19.6,NA,3.49
Luxembourg,2018,NA,93.8,79.74,19.39,NA,3.66
Luxembourg,2019,NA,94.07,79.11,19.4,NA,3.74
Luxembourg,2020,NA,92.3,78.55,19.96,NA,3.85
Luxembourg,2021,98.26,96.52,78.79,20.73,NA,3.72
Luxembourg,2022,NA,NA,NA,21.03,NA,4.7
Madagascar,2013,NA,NA,NA,4.21,NA,2.41
Madagascar,2014,NA,NA,NA,4.73,NA,2.99
Madagascar,2015,NA,NA,NA,4.73,NA,2.7
Madagascar,2016,NA,NA,NA,4.76,NA,2.7
Madagascar,2017,NA,NA,NA,5.24,NA,2.7
Madagascar,2018,55.91,26.5,15.3,5.32,80,3.05
Madagascar,2019,NA,NA,NA,5.53,NA,3.01
Madagascar,2020,NA,NA,NA,5.68,NA,3.25
Madagascar,2021,49.68,23.46,14.04,NA,82.38,3.2
Madagascar,2022,NA,NA,NA,6.15,80.73,3.14
Madagascar,2023,NA,NA,NA,6.41,NA,NA
Malawi,2013,NA,NA,NA,NA,NA,3.92
Malawi,2014,48.07,21.77,10.54,NA,76.08,3.66
Malawi,2015,46.76,22.18,14.05,NA,72.94,3.44
Malawi,2016,NA,NA,NA,NA,NA,3.24
Malawi,2017,NA,NA,NA,NA,NA,3.58
Malawi,2018,NA,NA,NA,NA,NA,3.32
Malawi,2020,49.34,23.07,15.48,NA,80.73,NA
Malawi,2022,NA,NA,NA,NA,76.79,NA
Malaysia,2013,NA,NA,NA,38.23,NA,5.48
Malaysia,2014,NA,NA,NA,38.68,NA,5.03
Malaysia,2015,NA,NA,NA,44.87,NA,4.7
Malaysia,2016,NA,NA,NA,46.4,98,4.35
Malaysia,2017,NA,NA,NA,43.67,97,4.18
Malaysia,2018,NA,NA,NA,45.28,97,4.13
Malaysia,2019,NA,NA,NA,43.2,97,3.98
Malaysia,2020,NA,NA,NA,42.41,NA,4.52
Malaysia,2021,NA,NA,NA,40.91,NA,4.26
Malaysia,2022,NA,NA,NA,40.27,99,3.5
Malaysia,2023,NA,NA,NA,41.26,NA,3.63
Maldives,2013,NA,NA,NA,NA,NA,3.95
Maldives,2014,NA,NA,NA,13.66,99,3.89
Maldives,2015,NA,NA,NA,NA,NA,4.62
Maldives,2016,NA,NA,NA,NA,99,4.44
Maldives,2017,98.19,90.73,40.26,34.78,98.13,3.82
Maldives,2018,NA,NA,NA,NA,NA,3.86
Maldives,2019,NA,NA,NA,51.36,98.74,4.12
Maldives,2020,NA,NA,NA,28.31,NA,5.85
Maldives,2021,NA,NA,NA,24.84,99.43,4.61
Maldives,2022,NA,NA,NA,49.95,NA,4.67
Maldives,2023,NA,NA,NA,NA,NA,5.17
Mali,2013,42.03,17.21,10.74,6.13,NA,3.28
Mali,2014,NA,NA,NA,5.7,NA,3.65
Mali,2015,47.2,29.96,16.46,5.28,49,3.8
Mali,2016,NA,NA,NA,3.65,NA,3.09
Mali,2017,NA,NA,NA,4.16,NA,3.79
Mali,2018,47.17,27.28,12.17,4.97,50,3.56
Mali,2019,NA,NA,NA,4.73,NA,3.56
Mali,2020,46.37,17.25,7.51,NA,46,3.95
Mali,2021,NA,NA,NA,NA,NA,4.36
Mali,2022,NA,NA,NA,NA,NA,4.04
Malta,2013,NA,NA,NA,44.04,NA,7.58
Malta,2014,NA,NA,NA,44.49,NA,7
Malta,2015,NA,NA,NA,46.95,NA,5.02
Malta,2016,NA,NA,NA,48.13,NA,5.11
Malta,2017,NA,NA,NA,52.84,NA,4.56
Malta,2018,NA,NA,NA,56.81,NA,4.92
Malta,2019,NA,NA,NA,58.54,NA,4.9
Malta,2020,NA,NA,NA,62.88,NA,5.64
Malta,2021,NA,NA,NA,73.02,99.45,5.36
Malta,2022,NA,NA,NA,78.62,NA,NA
Marshall Islands,2019,NA,NA,NA,41.47,NA,9.92
Marshall Islands,2022,NA,NA,NA,53.51,NA,7.54
Mauritania,2013,NA,NA,NA,5.78,71,2.29
Mauritania,2014,NA,NA,NA,NA,NA,2.56
Mauritania,2015,57.92,37.14,15.12,5.87,81.42,2.83
Mauritania,2016,NA,NA,NA,5.55,NA,1.94
Mauritania,2017,NA,NA,NA,5.14,NA,NA
Mauritania,2018,NA,NA,NA,5.12,NA,NA
Mauritania,2019,NA,NA,NA,5.87,NA,1.82
Mauritania,2020,NA,NA,NA,5.95,70.86,1.8
Mauritania,2021,NA,NA,NA,NA,76.49,1.89
Mauritania,2022,NA,NA,NA,NA,NA,2.44
Mauritania,2023,NA,NA,NA,NA,NA,2.65
Mauritius,2013,NA,NA,NA,41.4,NA,3.57
Mauritius,2014,NA,NA,NA,40.04,NA,4.82
Mauritius,2015,NA,NA,NA,37.76,NA,4.76
Mauritius,2016,NA,NA,NA,38.41,NA,4.88
Mauritius,2017,NA,NA,69.49,39.66,NA,4.88
Mauritius,2018,NA,NA,NA,40.41,NA,4.67
Mauritius,2019,NA,NA,NA,42.99,NA,4.54
Mauritius,2020,NA,NA,NA,42.54,NA,4.35
Mauritius,2021,NA,NA,NA,43.96,99.3,4.67
Mauritius,2022,NA,NA,NA,44.2,NA,4.84
Mauritius,2023,NA,NA,NA,NA,NA,4.57
Mexico,2013,NA,NA,NA,30.33,99,4.51
Mexico,2014,96.81,86.41,52.31,31.21,98.65,5.07
Mexico,2015,96.14,85.4,51.37,31.97,99,5.05
Mexico,2016,97.75,87.49,54.75,38.59,98.6,4.76
Mexico,2017,NA,NA,NA,40.34,99,4.4
Mexico,2018,97.88,88.56,58.73,41.64,98.61,4.14
Mexico,2019,NA,NA,NA,43.04,NA,NA
Mexico,2020,97.96,90.33,61.5,45.17,98.96,4.5
Mexico,2021,NA,NA,NA,45.65,NA,4.25
Mexico,2022,98.03,90.67,64.08,46.41,98.95,NA
Micronesia (Federated States of),2013,NA,NA,NA,NA,NA,12.34
Micronesia (Federated States of),2014,NA,NA,NA,NA,NA,12.23
Micronesia (Federated States of),2015,NA,NA,NA,NA,NA,13.65
Micronesia (Federated States of),2016,NA,NA,NA,NA,NA,13.51
Micronesia (Federated States of),2017,NA,NA,NA,NA,NA,12.42
Micronesia (Federated States of),2018,NA,NA,NA,NA,NA,9.7
Micronesia (Federated States of),2019,NA,NA,NA,NA,NA,10.23
Micronesia (Federated States of),2020,NA,NA,NA,NA,NA,10.54
Monaco,2013,NA,NA,NA,NA,NA,1.33
Monaco,2014,NA,NA,NA,NA,NA,1.02
Monaco,2016,NA,NA,NA,53.36,NA,1.37
Monaco,2017,NA,NA,NA,NA,NA,1.46
Monaco,2019,NA,NA,NA,NA,NA,1.16
Monaco,2021,NA,NA,NA,NA,NA,1.42
Monaco,2022,NA,NA,NA,NA,NA,1.17
Mongolia,2013,NA,NA,NA,64.66,NA,5.24
Mongolia,2014,97.9,89.49,63.08,66.93,NA,5.43
Mongolia,2015,NA,NA,NA,71.43,NA,4.39
Mongolia,2016,NA,NA,NA,66.98,NA,5.2
Mongolia,2017,NA,NA,NA,65.41,NA,4.32
Mongolia,2018,98.59,94.87,77.29,65.65,99.53,4
Mongolia,2019,NA,NA,NA,67.63,NA,3.65
Mongolia,2020,NA,NA,NA,64.55,99,4.66
Mongolia,2021,NA,NA,NA,64.46,NA,3.34
Mongolia,2022,NA,NA,NA,64.32,NA,4.18
Mongolia,2023,NA,NA,NA,65.31,NA,3.74
Montenegro,2013,99.9,98.95,84,60.43,NA,NA
Montenegro,2014,NA,NA,NA,63.22,NA,NA
Montenegro,2015,NA,NA,NA,63.94,NA,NA
Montenegro,2016,NA,NA,NA,59.18,NA,NA
Montenegro,2017,NA,NA,NA,60.91,NA,NA
Montenegro,2018,96.53,94.67,86.25,58.18,97.42,NA
Montenegro,2019,NA,NA,NA,56.26,NA,NA
Montenegro,2020,NA,NA,NA,58.09,NA,NA
Montenegro,2021,NA,NA,NA,57.96,99.05,NA
Montenegro,2022,NA,NA,NA,57.43,NA,NA
Montenegro,2023,NA,NA,NA,55.17,NA,NA
Montserrat,2013,NA,NA,NA,NA,NA,5.65
Montserrat,2014,NA,NA,NA,NA,NA,5.45
Montserrat,2015,NA,NA,NA,10,NA,5.99
Montserrat,2016,NA,NA,NA,14.36,NA,6.39
Montserrat,2017,NA,NA,NA,17.2,NA,6.72
Montserrat,2018,NA,NA,NA,18.21,NA,8.88
Montserrat,2019,NA,NA,NA,0,NA,9.07
Montserrat,2020,NA,NA,NA,NA,NA,6.62
Montserrat,2021,NA,NA,NA,NA,NA,6.56
Montserrat,2022,NA,NA,NA,NA,NA,7.61
Morocco,2013,NA,NA,NA,22.55,NA,NA
Morocco,2014,NA,NA,NA,25.45,NA,5.48
Morocco,2015,NA,NA,NA,28.7,NA,5.13
Morocco,2016,NA,NA,NA,32.27,NA,5.09
Morocco,2017,NA,NA,NA,33.74,NA,4.74
Morocco,2018,NA,NA,NA,35.62,NA,4.96
Morocco,2019,NA,NA,NA,38.02,NA,5
Morocco,2020,NA,NA,NA,40.02,NA,6.28
Morocco,2021,NA,NA,NA,42.82,NA,5.64
Morocco,2022,NA,NA,NA,46.18,98.52,5.91
Morocco,2023,NA,NA,NA,47.71,NA,6.02
Mozambique,2013,NA,NA,NA,5.71,NA,6.04
Mozambique,2014,NA,NA,NA,6.35,NA,6.49
Mozambique,2015,42.4,17.06,9.18,6.81,71,6.01
Mozambique,2016,NA,NA,NA,7.39,NA,5.8
Mozambique,2017,NA,NA,NA,7.24,71,5.49
Mozambique,2018,NA,NA,NA,7.45,NA,5.39
Mozambique,2019,NA,NA,NA,7.3,NA,6.29
Mozambique,2020,NA,NA,NA,NA,70,6.64
Mozambique,2021,NA,NA,NA,NA,NA,6.5
Mozambique,2022,54.36,27.89,17.76,NA,NA,6.16
Myanmar,2013,NA,NA,NA,NA,NA,1.84
Myanmar,2014,NA,NA,NA,NA,NA,2.01
Myanmar,2015,NA,NA,NA,NA,NA,2.25
Myanmar,2016,83.14,44.84,16.8,NA,90.42,2.16
Myanmar,2017,NA,NA,NA,NA,NA,2.17
Myanmar,2018,NA,NA,NA,20.39,NA,1.99
Myanmar,2019,NA,NA,NA,NA,95,2
Namibia,2013,83.11,56.44,36.61,NA,94.16,8.6
Namibia,2014,NA,NA,NA,18.75,NA,9.56
Namibia,2015,87.36,75.64,30.06,20.02,NA,9.85
Namibia,2016,NA,NA,NA,22,NA,10.59
Namibia,2017,NA,NA,NA,23.36,NA,9.71
Namibia,2018,NA,NA,NA,24.96,NA,8.88
Namibia,2019,NA,NA,NA,27.75,NA,9.32
Namibia,2020,NA,NA,NA,28.37,NA,9.28
Namibia,2021,NA,NA,NA,NA,95.55,10.39
Namibia,2022,NA,NA,NA,28.89,NA,9.68
Namibia,2023,NA,NA,NA,NA,NA,9.04
Nauru,2015,NA,NA,NA,NA,NA,6.25
Nauru,2016,NA,NA,NA,NA,NA,7.99
Nauru,2017,NA,NA,NA,NA,NA,6.81
Nauru,2019,NA,NA,NA,NA,NA,6.01
Nauru,2020,NA,NA,NA,NA,NA,6.1
Nauru,2021,NA,NA,NA,NA,NA,6.22
Nauru,2022,NA,NA,NA,NA,NA,7.81
Nepal,2013,NA,NA,NA,16.15,NA,3.2
Nepal,2014,76.23,65.57,30.6,15.42,NA,3.49
Nepal,2015,NA,NA,NA,13.21,NA,3.29
Nepal,2016,83.19,69.48,31.6,11.97,89.09,3.48
Nepal,2017,NA,NA,NA,12.11,NA,3.53
Nepal,2018,NA,NA,NA,13.01,NA,3.66
Nepal,2019,81.84,73.1,27.29,13.92,94.24,3.49
Nepal,2020,NA,NA,NA,13.93,NA,4.21
Nepal,2021,86.14,77.73,35.9,14.38,94.18,3.96
Nepal,2022,NA,NA,NA,14,NA,3.62
Nepal,2023,NA,NA,NA,17.83,NA,3.68
Netherlands (Kingdom of the),2013,NA,NA,NA,NA,NA,5.53
Netherlands (Kingdom of the),2014,NA,NA,NA,NA,NA,5.46
Netherlands (Kingdom of the),2015,NA,NA,NA,80.16,NA,5.35
Netherlands (Kingdom of the),2016,NA,NA,NA,79.85,NA,5.48
Netherlands (Kingdom of the),2017,NA,NA,NA,83.2,NA,5.18
Netherlands (Kingdom of the),2018,NA,NA,NA,83.65,NA,5.36
Netherlands (Kingdom of the),2019,NA,NA,NA,NA,NA,5.16
Netherlands (Kingdom of the),2020,NA,NA,NA,85.34,NA,5.42
Netherlands (Kingdom of the),2021,NA,NA,NA,89.39,NA,5.51
Netherlands (Kingdom of the),2022,NA,NA,NA,NA,NA,5.05
New Caledonia,2019,NA,93.94,74.77,NA,NA,NA
New Zealand,2013,NA,NA,NA,80.39,NA,5.89
New Zealand,2014,NA,NA,NA,80.71,NA,5.81
New Zealand,2015,NA,NA,NA,82.18,NA,5.71
New Zealand,2016,NA,NA,NA,81.86,NA,5.51
New Zealand,2017,NA,NA,NA,81.27,NA,5.28
New Zealand,2018,NA,NA,NA,81.25,NA,5.19
New Zealand,2019,NA,NA,NA,77.58,NA,5.18
New Zealand,2020,NA,NA,NA,75.73,NA,5.65
New Zealand,2021,NA,NA,NA,79.41,NA,5.55
New Zealand,2022,NA,NA,NA,77.01,NA,5.23
Nicaragua,2013,NA,NA,NA,16.36,NA,NA
Nicaragua,2014,75.24,50.5,41.31,17.15,95.34,4.08
Nicaragua,2015,NA,NA,NA,17.34,91.57,4.08
Nicaragua,2016,NA,NA,NA,17.77,NA,4.08
Nicaragua,2017,NA,NA,NA,NA,NA,4.36
Nicaragua,2018,NA,NA,NA,19.31,NA,3.57
Nicaragua,2019,NA,NA,NA,17.77,NA,4.6
Nicaragua,2020,NA,NA,NA,18.69,NA,4.58
Nicaragua,2021,NA,NA,NA,19.9,NA,4.09
Nicaragua,2022,NA,NA,NA,19.33,NA,3.79
Nicaragua,2023,NA,NA,NA,29.54,NA,NA
Niger,2013,NA,NA,NA,2.24,NA,3.69
Niger,2014,NA,NA,NA,2.67,NA,5.1
Niger,2015,NA,NA,NA,3.43,NA,4.49
Niger,2016,NA,NA,NA,3.65,NA,2.96
Niger,2017,NA,NA,7.5,3.9,NA,2.58
Niger,2018,26.09,4.59,1.58,4.62,NA,3.45
Niger,2019,NA,NA,NA,4.43,NA,3.53
Niger,2020,NA,NA,NA,4.59,NA,3.82
Niger,2021,NA,NA,NA,NA,NA,3.82
Niger,2022,NA,NA,NA,NA,48.21,4.1
Nigeria,2013,68.38,51.65,49.72,NA,79.16,0.53
Nigeria,2014,NA,NA,NA,NA,NA,0.47
Nigeria,2015,NA,NA,NA,NA,NA,0.44
Nigeria,2016,73.72,67.38,49.36,NA,72.96,0.39
Nigeria,2017,NA,NA,NA,11.58,NA,0.4
Nigeria,2018,70.6,62.57,49.16,11.81,65.78,0.42
Nigeria,2019,78.66,72.61,57.43,NA,NA,0.36
Nigeria,2020,NA,NA,NA,NA,NA,0.36
Nigeria,2021,73.14,67.77,53.71,NA,73.67,0.38
Nigeria,2022,NA,NA,NA,NA,NA,0.35
Niue,2016,NA,NA,NA,0,NA,NA
North Macedonia,2013,NA,NA,NA,38.95,NA,NA
North Macedonia,2014,NA,NA,NA,39.32,NA,NA
North Macedonia,2015,NA,NA,NA,42.08,NA,NA
North Macedonia,2017,NA,NA,NA,43.51,NA,NA
North Macedonia,2018,98.28,93.98,83.01,43.85,NA,NA
North Macedonia,2019,NA,NA,NA,43.2,NA,NA
North Macedonia,2020,NA,NA,NA,43.78,NA,NA
North Macedonia,2021,NA,NA,NA,44.3,NA,NA
North Macedonia,2022,NA,NA,NA,53.16,NA,NA
Norway,2013,100,100,77.41,75.86,NA,7.44
Norway,2014,99.37,98.74,79.19,78.24,NA,7.64
Norway,2015,99.23,98.47,79.27,79.21,NA,7.52
Norway,2016,99.75,99.51,77.88,82.04,NA,7.98
Norway,2017,99.03,98.07,81.02,83.74,NA,7.85
Norway,2018,99.58,99.16,81.13,85.39,NA,7.6
Norway,2019,99.52,99.03,82.34,85.76,NA,7.86
Norway,2020,99.61,99.22,81.69,87.17,NA,8.37
Norway,2021,100,100,81.35,93.92,NA,6.96
Norway,2022,NA,NA,NA,97.64,NA,3.97
Oman,2013,NA,NA,NA,35.15,NA,4.35
Oman,2014,NA,NA,NA,41.18,NA,NA
Oman,2015,NA,NA,NA,45.19,99,NA
Oman,2016,NA,NA,NA,46.82,NA,NA
Oman,2017,NA,NA,NA,43.58,99,6
Oman,2018,NA,NA,NA,44.95,99,4.59
Oman,2019,NA,NA,NA,45.17,NA,5.06
Oman,2020,NA,NA,NA,48.38,NA,6.88
Oman,2021,NA,NA,NA,43.84,NA,NA
Oman,2022,NA,NA,NA,NA,100,4.2
Oman,2023,NA,NA,NA,45.59,NA,NA
Pakistan,2013,NA,NA,NA,8.9,72,2.24
Pakistan,2014,NA,NA,NA,8.93,73,2.2
Pakistan,2015,NA,NA,NA,8.61,NA,2.39
Pakistan,2016,NA,NA,NA,8.48,NA,2.42
Pakistan,2017,NA,NA,NA,8.8,75,2.14
Pakistan,2018,59.66,49.59,23.44,8.39,72,2.33
Pakistan,2019,NA,NA,NA,11.35,73,2.21
Pakistan,2020,NA,NA,NA,11.94,NA,2.06
Pakistan,2021,NA,NA,NA,12.6,NA,1.69
Pakistan,2022,NA,NA,NA,10.62,NA,1.97
Pakistan,2023,NA,NA,NA,11.22,NA,1.87
Palau,2013,NA,NA,NA,67.26,100,NA
Palau,2015,NA,NA,NA,NA,99,NA
Palau,2020,NA,NA,NA,NA,NA,3.47
Palau,2021,NA,NA,NA,NA,NA,3.94
Palau,2022,NA,NA,NA,40.54,NA,3.58
Palau,2023,NA,NA,NA,34.62,NA,3.44
Palestine,2013,NA,NA,NA,45.95,99,4.89
Palestine,2014,99.12,85.94,62.16,45.43,99,NA
Palestine,2015,NA,NA,NA,46.58,99,4.66
Palestine,2016,NA,NA,NA,45.71,99,4.98
Palestine,2017,99.03,90.83,59.61,45.66,99,4.72
Palestine,2018,NA,NA,NA,46.45,99,NA
Palestine,2019,99.46,92.3,62.48,45.35,99,NA
Palestine,2020,NA,NA,NA,44.84,99,NA
Palestine,2021,NA,NA,NA,43.51,NA,5.43
Palestine,2022,NA,NA,NA,44.98,99,NA
Palestine,2023,NA,NA,NA,42.91,NA,NA
Panama,2013,94.77,77.14,59.48,NA,NA,NA
Panama,2014,95.3,78.26,59.7,44.97,98.01,3.17
Panama,2015,95.16,79.8,61.39,47.93,98.24,3.37
Panama,2016,96.58,81.81,63.17,48.73,98.76,3.43
Panama,2017,96.67,83.79,63.76,NA,99.07,3.49
Panama,2018,96.57,83.9,66.73,NA,99.1,3.45
Panama,2019,97.4,85.1,65.88,NA,98.88,3.09
Panama,2020,NA,NA,NA,45.22,NA,4.3
Panama,2021,96.89,88.85,73.71,53.04,99.25,3.71
Panama,2022,97.41,88.84,73.73,58.17,99.34,3.37
Papua New Guinea,2015,NA,NA,NA,NA,NA,1.67
Papua New Guinea,2016,NA,NA,NA,NA,NA,0.85
Papua New Guinea,2017,NA,NA,NA,NA,82.72,1.96
Papua New Guinea,2018,61.14,50.21,16.89,NA,NA,1.87
Papua New Guinea,2019,NA,NA,NA,NA,NA,0.74
Papua New Guinea,2020,NA,NA,NA,NA,NA,1.5
Papua New Guinea,2021,NA,NA,NA,NA,NA,1.35
Paraguay,2013,90.62,77.11,59.23,NA,98.9,2.68
Paraguay,2014,89.62,76.77,61.53,NA,98.71,2.6
Paraguay,2015,90.56,79.75,61.85,NA,98.65,3.33
Paraguay,2016,91.32,77.4,59.79,NA,98.44,3.43
Paraguay,2017,90.8,77.12,62.59,NA,98.26,3.09
Paraguay,2018,93.85,79.25,63.66,NA,98.28,3.3
Paraguay,2019,93.61,81.02,68.66,NA,98.36,3.49
Paraguay,2020,94.51,81.75,66.84,NA,98.64,3.94
Paraguay,2021,95.95,83.51,66.08,NA,98.63,3.41
Paraguay,2022,96.12,86.56,73.26,NA,99.08,3.4
Paraguay,2023,NA,NA,NA,NA,NA,3.41
Peru,2013,95.64,86.05,81.93,NA,98.89,3.3
Peru,2014,95.74,87.4,82.21,NA,98.99,3.7
Peru,2015,96.73,87.86,81.79,NA,99.05,3.97
Peru,2016,96.42,89.5,82.89,73.33,98.94,3.81
Peru,2017,97.22,90.02,86.21,71.25,99.08,3.93
Peru,2018,97.38,91.57,86.78,NA,99.04,3.71
Peru,2019,97.43,91.89,86.83,NA,99.12,3.82
Peru,2020,98.14,93.32,88.81,NA,99.52,4.26
Peru,2021,97.78,92.48,89.24,NA,99.12,3.93
Peru,2022,98.28,93.64,89.08,NA,99.3,3.83
Peru,2023,NA,NA,NA,NA,NA,4.24
Philippines,2013,87.45,71.27,67.47,33.79,98,NA
Philippines,2014,NA,NA,NA,35.96,NA,2.66
Philippines,2015,NA,NA,NA,38.1,99,2.83
Philippines,2016,NA,NA,NA,40.49,NA,3.3
Philippines,2017,91.92,81.25,76.43,35.41,NA,3.96
Philippines,2018,NA,NA,NA,29.43,NA,3.86
Philippines,2019,NA,NA,NA,31.24,98,3.41
Philippines,2020,NA,NA,NA,32.85,99,3.86
Philippines,2021,NA,NA,NA,34.85,NA,3.87
Philippines,2022,95.85,84.16,67.01,39.59,99.77,3.58
Philippines,2023,NA,NA,NA,45.28,NA,3.62
Poland,2013,99.02,98.04,91.41,73.32,NA,5.02
Poland,2014,99.06,98.13,92,70.24,NA,4.97
Poland,2015,99.19,98.39,92.72,69.37,NA,4.82
Poland,2016,99.3,98.59,92.43,69.85,NA,4.66
Poland,2017,99.5,99,92.43,70.62,NA,4.57
Poland,2018,99.27,98.54,92.72,71.02,NA,4.61
Poland,2019,99.23,98.47,92.79,70.91,NA,4.68
Poland,2020,98.08,96.17,92.36,70.97,NA,4.85
Poland,2021,NA,94.2,93.95,72.21,99.9,4.67
Poland,2022,NA,NA,NA,75.29,NA,NA
Portugal,2013,NA,92.63,69.47,NA,NA,5.27
Portugal,2014,NA,92.88,71.09,NA,NA,5.12
Portugal,2015,NA,94.04,76.11,61.86,NA,4.89
Portugal,2016,NA,94.13,76.95,63.27,NA,4.77
Portugal,2017,NA,94.83,77.68,64.17,NA,5.02
Portugal,2018,NA,94.12,80.51,65.03,NA,4.68
Portugal,2019,98.12,96.24,82.26,65.93,NA,4.63
Portugal,2020,98.22,96.45,84.79,67.8,NA,4.88
Portugal,2021,99.33,98.65,89.87,71.87,99.71,4.78
Portugal,2022,NA,NA,NA,75.56,NA,NA
Puerto Rico,2013,NA,NA,NA,92.38,NA,6.48
Puerto Rico,2014,NA,NA,NA,94.02,NA,6.07
Puerto Rico,2015,NA,NA,NA,98.27,NA,NA
Puerto Rico,2016,NA,NA,NA,99.68,NA,NA
Puerto Rico,2017,NA,NA,NA,NA,92,NA
Puerto Rico,2018,NA,NA,NA,102.15,NA,NA
Puerto Rico,2021,NA,NA,NA,NA,92.4,NA
Puerto Rico,2023,NA,NA,NA,81.99,NA,NA
Qatar,2013,NA,NA,NA,14.87,99,4.07
Qatar,2014,NA,NA,NA,17.31,99,3.61
Qatar,2015,NA,NA,NA,15.93,NA,NA
Qatar,2016,NA,NA,NA,14.82,NA,NA
Qatar,2017,NA,NA,NA,16.78,NA,2.97
Qatar,2018,NA,NA,NA,17.45,NA,NA
Qatar,2019,NA,NA,NA,21.09,NA,2.8
Qatar,2020,NA,NA,NA,23.76,NA,3.23
Qatar,2021,NA,NA,NA,31.28,NA,NA
Qatar,2022,NA,NA,NA,35.09,NA,NA
Republic of Korea,2013,NA,NA,NA,96.34,NA,NA
Republic of Korea,2014,NA,NA,98.3,94.44,NA,NA
Republic of Korea,2015,NA,NA,NA,93.97,NA,4.45
Republic of Korea,2016,NA,NA,97.65,93.66,NA,4.33
Republic of Korea,2017,NA,NA,NA,93.72,NA,4.33
Republic of Korea,2018,NA,NA,NA,93.33,100,4.46
Republic of Korea,2019,NA,NA,NA,94,NA,4.68
Republic of Korea,2020,NA,NA,NA,96.88,NA,4.8
Republic of Korea,2021,NA,NA,NA,100.32,NA,4.87
Republic of Korea,2022,NA,NA,NA,103.28,NA,NA
Republic of Moldova,2013,NA,NA,NA,NA,NA,5.91
Republic of Moldova,2014,NA,NA,NA,52.15,100,6.34
Republic of Moldova,2015,NA,NA,NA,52.1,NA,5.81
Republic of Moldova,2016,NA,NA,NA,52.84,NA,5.67
Republic of Moldova,2017,NA,NA,NA,51.95,NA,5.71
Republic of Moldova,2018,NA,NA,NA,52.84,NA,5.54
Republic of Moldova,2019,NA,NA,NA,54.78,NA,6.23
Republic of Moldova,2020,NA,NA,NA,56.25,NA,6.6
Republic of Moldova,2021,NA,NA,NA,61.3,99.7,5.82
Republic of Moldova,2022,NA,NA,NA,NA,NA,6.11
Republic of Moldova,2023,NA,NA,NA,NA,NA,6.25
Romania,2013,98.45,96.91,81.24,51.38,NA,3.07
Romania,2014,98.47,96.95,80.93,51.1,NA,3.13
Romania,2015,98.09,96.18,80.25,49.36,NA,3.11
Romania,2016,98.14,96.27,81.47,49.91,NA,3.03
Romania,2017,97.94,95.89,80.96,50.51,NA,3.12
Romania,2018,98.24,96.48,83.5,51.99,NA,3.32
Romania,2019,98.39,96.77,84.64,52.44,NA,3.57
Romania,2020,98.19,96.38,84.45,53.49,NA,3.59
Romania,2021,98.06,96.12,83.83,55.27,100,3.32
Romania,2022,NA,NA,NA,58.24,NA,NA
Russian Federation,2013,99.81,99.41,87.07,82.8,NA,3.76
Russian Federation,2014,NA,NA,NA,84.52,NA,4.01
Russian Federation,2015,NA,NA,NA,84.24,NA,3.83
Russian Federation,2016,NA,NA,NA,83.86,NA,3.76
Russian Federation,2017,NA,NA,NA,81.71,NA,4.69
Russian Federation,2018,100,100,91.34,81.57,NA,4.68
Russian Federation,2019,100,100,91.34,80.95,NA,3.7
Russian Federation,2020,99.59,99.72,91.19,57.22,NA,4.02
Russian Federation,2021,99.79,100,90.08,54.95,100,3.99
Russian Federation,2022,NA,NA,NA,53.92,NA,4.05
Rwanda,2013,NA,NA,NA,6.23,NA,4.74
Rwanda,2014,NA,NA,NA,7.36,85,4.2
Rwanda,2015,54.31,27.93,17.34,7.53,88.55,3.65
Rwanda,2016,NA,NA,NA,7.58,NA,3.43
Rwanda,2017,NA,NA,NA,7.34,NA,3.12
Rwanda,2018,NA,NA,NA,6.76,86,3.07
Rwanda,2019,NA,NA,NA,6.31,NA,3.24
Rwanda,2020,62.86,30.05,20.7,7.57,91.51,3.33
Rwanda,2021,NA,NA,NA,7.36,NA,5.59
Rwanda,2022,NA,NA,NA,7.41,90,4.75
Rwanda,2023,NA,NA,NA,8.89,NA,4.92
Saint Kitts and Nevis,2013,NA,NA,NA,NA,NA,2.82
Saint Kitts and Nevis,2014,NA,NA,NA,89.69,NA,2.83
Saint Kitts and Nevis,2015,NA,NA,NA,92.19,NA,2.55
Saint Kitts and Nevis,2016,NA,NA,NA,NA,NA,3.12
Saint Kitts and Nevis,2017,NA,NA,NA,NA,NA,3.16
Saint Kitts and Nevis,2018,NA,NA,NA,NA,NA,3.03
Saint Kitts and Nevis,2019,NA,NA,NA,NA,NA,2.99
Saint Kitts and Nevis,2020,NA,NA,NA,NA,NA,3.1
Saint Kitts and Nevis,2021,NA,NA,NA,NA,NA,2.78
Saint Kitts and Nevis,2022,NA,NA,NA,NA,NA,3.63
Saint Lucia,2013,NA,NA,NA,13.99,NA,3.88
Saint Lucia,2014,NA,NA,NA,17.05,NA,3.89
Saint Lucia,2015,NA,NA,NA,17.01,NA,3.88
Saint Lucia,2016,NA,NA,NA,19.81,NA,5.21
Saint Lucia,2017,NA,NA,NA,20.79,NA,3.63
Saint Lucia,2018,NA,NA,NA,14.7,NA,3.33
Saint Lucia,2019,NA,NA,NA,16.01,NA,3.27
Saint Lucia,2020,NA,NA,NA,16.9,NA,3.62
Saint Lucia,2022,NA,NA,NA,16.26,NA,3.7
Saint Vincent and the Grenadines,2013,NA,NA,NA,19.53,NA,NA
Saint Vincent and the Grenadines,2014,NA,NA,NA,23.84,NA,NA
Saint Vincent and the Grenadines,2015,NA,NA,NA,23.56,NA,4.96
Saint Vincent and the Grenadines,2016,NA,NA,NA,23.74,NA,5.44
Saint Vincent and the Grenadines,2017,NA,NA,NA,26.01,NA,5.38
Saint Vincent and the Grenadines,2018,NA,NA,NA,26.3,NA,6.16
Saint Vincent and the Grenadines,2019,NA,NA,NA,29.95,NA,NA
Saint Vincent and the Grenadines,2020,NA,NA,NA,33.9,NA,5.46
Saint Vincent and the Grenadines,2021,NA,NA,NA,35.74,NA,NA
Saint Vincent and the Grenadines,2022,NA,NA,NA,40.99,NA,7.21
Samoa,2013,NA,NA,NA,NA,NA,4.61
Samoa,2014,NA,NA,NA,NA,NA,5.22
Samoa,2015,NA,NA,NA,NA,NA,4.62
Samoa,2016,NA,NA,NA,NA,NA,4.35
Samoa,2017,NA,NA,NA,12.59,NA,3.96
Samoa,2018,NA,NA,NA,13.56,NA,4.26
Samoa,2019,98.08,96.99,56.98,13.12,99.02,4.4
Samoa,2020,NA,NA,NA,16.39,NA,4.48
Samoa,2021,NA,NA,NA,17.57,99.1,5.2
Samoa,2022,NA,NA,NA,17.03,NA,4.88
Samoa,2023,NA,NA,NA,13.41,NA,6.11
San Marino,2013,NA,NA,NA,NA,NA,3.27
San Marino,2014,NA,NA,NA,NA,NA,3.19
San Marino,2015,NA,NA,NA,NA,NA,3.12
San Marino,2016,NA,NA,NA,NA,NA,3.34
San Marino,2017,NA,NA,NA,NA,NA,3.37
San Marino,2018,NA,NA,NA,45.42,NA,3.56
San Marino,2019,NA,NA,NA,50.24,NA,3.38
San Marino,2020,NA,NA,NA,55.1,NA,3.42
San Marino,2021,NA,NA,NA,57.67,NA,3.11
San Marino,2022,NA,NA,NA,53.8,100,3.43
San Marino,2023,NA,NA,NA,51.14,NA,NA
Sao Tome and Principe,2013,NA,NA,NA,NA,NA,6.69
Sao Tome and Principe,2014,82.88,33.84,8.39,9.28,NA,4.43
Sao Tome and Principe,2015,NA,NA,NA,12.9,NA,4.7
Sao Tome and Principe,2016,NA,NA,NA,17.69,NA,6.12
Sao Tome and Principe,2017,NA,NA,NA,17.4,NA,5.87
Sao Tome and Principe,2018,NA,NA,NA,10.13,NA,5.62
Sao Tome and Principe,2019,87.15,60.01,32.18,10.29,95.49,5.9
Sao Tome and Principe,2020,NA,NA,NA,NA,NA,5.02
Sao Tome and Principe,2021,NA,NA,NA,16.66,NA,5.52
Sao Tome and Principe,2022,NA,NA,NA,NA,98.18,5.16
Saudi Arabia,2013,NA,NA,NA,43.16,99,NA
Saudi Arabia,2014,NA,NA,NA,51.21,NA,NA
Saudi Arabia,2015,NA,NA,NA,56.55,NA,NA
Saudi Arabia,2016,NA,NA,NA,64.66,NA,NA
Saudi Arabia,2017,NA,NA,NA,72.48,99,NA
Saudi Arabia,2018,NA,NA,NA,74.53,NA,NA
Saudi Arabia,2019,NA,NA,NA,79.61,NA,NA
Saudi Arabia,2020,NA,NA,NA,74.78,99,NA
Saudi Arabia,2021,NA,NA,NA,74.39,NA,NA
Saudi Arabia,2022,NA,NA,NA,73.75,NA,NA
Saudi Arabia,2023,NA,NA,NA,NA,NA,5.11
Senegal,2013,NA,NA,NA,10.42,57,5.69
Senegal,2014,50.17,22.51,7.69,10.83,57.29,5.73
Senegal,2015,50.25,21.87,8.44,10.93,61.29,5.46
Senegal,2016,51.02,24.4,9.35,11.13,64.52,5.11
Senegal,2017,50.01,26.64,12.22,11.77,69,4.74
Senegal,2018,50.85,28.95,14.63,13.06,65.96,5.11
Senegal,2019,47.38,29.59,10.5,13.38,66.5,5.04
Senegal,2020,NA,NA,NA,14.23,NA,5.69
Senegal,2021,NA,NA,NA,15.73,NA,5.61
Senegal,2022,NA,NA,NA,16.81,78.14,5.99
Senegal,2023,NA,NA,NA,17.3,NA,NA
Serbia,2013,NA,NA,NA,56.7,NA,NA
Serbia,2014,99.31,98.3,75.84,58.37,NA,NA
Serbia,2015,NA,NA,NA,58.95,NA,NA
Serbia,2016,NA,NA,NA,62.91,100,3.63
Serbia,2017,NA,NA,NA,67.58,NA,3.71
Serbia,2018,NA,NA,NA,68.32,NA,3.58
Serbia,2019,99.5,98.26,83.38,69.04,100,3.62
Serbia,2020,NA,NA,NA,68.58,NA,NA
Serbia,2021,NA,NA,NA,69.29,NA,3.3
Serbia,2022,NA,NA,NA,72.03,NA,3.24
Serbia,2023,NA,NA,NA,73.21,NA,NA
Seychelles,2013,NA,NA,NA,3.5,NA,3.62
Seychelles,2014,NA,NA,NA,7.25,NA,3.95
Seychelles,2015,NA,NA,NA,16.43,NA,4.91
Seychelles,2016,NA,NA,NA,25.64,NA,4.02
Seychelles,2017,NA,NA,NA,42.21,NA,4.24
Seychelles,2018,NA,NA,NA,38.86,NA,4.35
Seychelles,2019,NA,NA,NA,41.3,NA,4.05
Seychelles,2020,NA,NA,NA,26.93,99.1,4.89
Seychelles,2021,NA,NA,NA,26.87,NA,5.62
Seychelles,2022,NA,NA,NA,13.93,NA,4.74
Seychelles,2023,NA,NA,NA,14.03,NA,NA
Sierra Leone,2013,66.62,40.38,19.51,NA,57.02,2.38
Sierra Leone,2014,NA,NA,NA,NA,NA,2.66
Sierra Leone,2016,NA,NA,NA,NA,NA,2.91
Sierra Leone,2017,64.2,44.25,18.87,NA,73.6,4.66
Sierra Leone,2018,NA,NA,NA,NA,NA,6.99
Sierra Leone,2019,69.43,46.95,19.62,NA,72.99,7.45
Sierra Leone,2020,NA,NA,NA,NA,NA,8.81
Sierra Leone,2021,NA,NA,NA,NA,NA,9.44
Sierra Leone,2022,NA,NA,NA,NA,73.46,8.54
Sierra Leone,2023,NA,NA,NA,NA,NA,6.79
Singapore,2013,NA,NA,NA,NA,100,2.85
Singapore,2014,NA,NA,NA,NA,100,2.92
Singapore,2015,NA,NA,NA,NA,100,2.86
Singapore,2016,NA,NA,NA,83.94,100,2.87
Singapore,2017,NA,NA,NA,84.79,100,2.76
Singapore,2018,NA,NA,NA,88.89,100,2.86
Singapore,2019,NA,NA,NA,91.09,100,2.73
Singapore,2020,NA,NA,NA,93.13,100,2.69
Singapore,2021,NA,NA,NA,97.1,100,2.82
Singapore,2022,NA,NA,NA,98.02,NA,2.49
Singapore,2023,NA,NA,NA,NA,NA,2.19
Sint Maarten (Dutch part),2015,NA,NA,NA,4.19,NA,NA
Sint Maarten (Dutch part),2017,NA,NA,NA,4.2,NA,NA
Sint Maarten (Dutch part),2022,NA,NA,NA,3.38,NA,4.18
Sint Maarten (Dutch part),2023,NA,NA,NA,3.66,NA,NA
Slovakia,2013,NA,NA,NA,55.25,NA,4.07
Slovakia,2014,NA,NA,NA,53.88,NA,4.22
Slovakia,2015,NA,NA,NA,52.72,NA,4.58
Slovakia,2016,NA,NA,NA,50.3,NA,3.9
Slovakia,2017,NA,NA,NA,49.13,NA,3.93
Slovakia,2018,NA,NA,NA,47.81,NA,3.95
Slovakia,2019,NA,NA,NA,48.19,NA,4.27
Slovakia,2020,NA,NA,NA,48.38,NA,4.76
Slovakia,2021,NA,NA,NA,50.73,NA,4.8
Slovakia,2022,NA,NA,NA,52.5,NA,NA
Slovenia,2013,99.49,98.98,91.91,87.86,NA,5.41
Slovenia,2014,99.75,99.5,90.92,84.38,NA,5.29
Slovenia,2015,99.78,99.57,90.82,82.2,NA,4.91
Slovenia,2016,99.69,99.39,91.96,79.47,NA,4.79
Slovenia,2017,99.61,99.23,91.12,79.27,NA,4.78
Slovenia,2018,99.48,98.97,92.06,77.3,NA,4.93
Slovenia,2019,99.38,98.75,92.95,76.47,NA,4.89
Slovenia,2020,99.67,99.34,94.69,75.82,NA,5.38
Slovenia,2021,99.67,99.33,95.21,82.24,NA,5.37
Slovenia,2022,NA,NA,NA,82.39,NA,NA
Solomon Islands,2020,NA,NA,NA,NA,NA,9.64
Solomon Islands,2021,NA,NA,NA,NA,NA,8.33
Solomon Islands,2022,NA,NA,NA,NA,NA,8.49
Solomon Islands,2023,NA,NA,NA,NA,NA,8.29
Somalia,2022,NA,NA,NA,NA,71,NA
Somalia,2023,49.75,47.89,NA,NA,NA,NA
South Africa,2013,NA,NA,NA,18.09,NA,5.35
South Africa,2014,NA,NA,NA,18.14,99,5.49
South Africa,2015,NA,NA,NA,18.86,99,5.48
South Africa,2016,96.46,88.02,48.52,18.96,96.71,5.44
South Africa,2017,NA,NA,NA,21.42,95,5.6
South Africa,2018,NA,NA,NA,23.39,NA,5.64
South Africa,2019,NA,NA,NA,24.02,98,5.91
South Africa,2020,97.77,93.91,61.46,25.13,NA,6.17
South Africa,2021,98.04,93.69,63.21,25.36,97,6.55
South Africa,2022,NA,NA,NA,27.17,NA,6.17
South Africa,2023,NA,NA,NA,NA,NA,6.15
South Sudan,2013,NA,NA,NA,NA,NA,1.02
South Sudan,2014,NA,NA,NA,NA,NA,1.23
South Sudan,2015,NA,NA,NA,NA,NA,1.47
South Sudan,2016,NA,NA,NA,0.66,NA,1.57
South Sudan,2018,NA,NA,NA,1,47.9,NA
Spain,2013,NA,87.18,63.53,85.21,100,4.35
Spain,2014,NA,93.59,68.74,88,100,4.3
Spain,2015,97.53,95.05,68.72,88.57,100,4.28
Spain,2016,NA,94.29,70.83,89.81,100,4.23
Spain,2017,98.27,96.53,73.29,91.89,NA,4.21
Spain,2018,97.88,95.75,71.82,92.17,100,4.18
Spain,2019,97.97,95.93,75.14,91.02,NA,4.23
Spain,2020,98.42,96.84,77.64,90.95,100,4.9
Spain,2021,98.61,97.23,75.62,94.59,NA,4.87
Spain,2022,NA,NA,NA,94.51,NA,4.32
Sri Lanka,2013,NA,NA,NA,17.99,NA,1.56
Sri Lanka,2014,NA,NA,NA,18.17,NA,1.86
Sri Lanka,2015,NA,NA,NA,18.69,NA,2.11
Sri Lanka,2016,NA,NA,NA,17.81,99,3.23
Sri Lanka,2017,NA,NA,NA,17.95,99,2.59
Sri Lanka,2018,NA,NA,NA,18.67,99,1.99
Sri Lanka,2019,98.51,96.33,NA,20.22,99,NA
Sri Lanka,2020,NA,NA,NA,20.81,99,1.56
Sri Lanka,2021,NA,NA,NA,21.36,99,1.51
Sri Lanka,2022,99.06,97.59,46.3,22.96,99,1.2
Sri Lanka,2023,NA,NA,NA,NA,NA,1.83
Sudan,2013,NA,NA,NA,17.54,NA,NA
Sudan,2014,65.43,51.18,30.68,17.09,NA,NA
Sudan,2015,NA,NA,NA,17.21,NA,NA
Sudan,2018,NA,NA,NA,NA,73,NA
Suriname,2015,NA,NA,NA,NA,NA,5.53
Suriname,2016,NA,NA,NA,NA,NA,5.64
Suriname,2017,NA,NA,NA,NA,NA,5.46
Suriname,2018,85.56,50.45,23.36,NA,97.69,4.92
Suriname,2019,NA,NA,NA,NA,NA,6.78
Suriname,2020,NA,NA,NA,NA,NA,4.58
Suriname,2021,NA,NA,NA,8.8,98.9,4.13
Suriname,2022,NA,NA,NA,5.95,NA,3.43
Suriname,2023,NA,NA,NA,NA,NA,2.87
Sweden,2013,99.37,98.74,87.19,65.78,NA,7.61
Sweden,2014,99.03,98.06,87.84,64.95,NA,7.57
Sweden,2015,98.94,97.89,88.49,66.43,NA,7.44
Sweden,2016,98.75,97.51,88.12,68.31,NA,7.62
Sweden,2017,98.98,97.96,86.32,70.43,NA,7.57
Sweden,2018,98.7,97.41,85.65,73.41,NA,7.64
Sweden,2019,98.43,96.86,85.18,75.11,NA,7.64
Sweden,2020,98.63,97.26,83.56,79.12,NA,7.93
Sweden,2021,99.39,98.79,81.45,85.94,NA,7.57
Sweden,2022,NA,NA,NA,83.9,NA,NA
Switzerland,2013,99.2,98.4,91.2,56.18,NA,4.91
Switzerland,2014,99.42,98.85,92.22,58.07,NA,4.93
Switzerland,2015,99.4,98.8,91.86,60.82,NA,5
Switzerland,2016,99.32,98.64,92.11,61.19,NA,4.98
Switzerland,2017,99.25,98.5,92.79,62.46,NA,5.02
Switzerland,2018,99.17,98.33,92.6,64.35,NA,4.93
Switzerland,2019,98.91,97.81,92.98,66.31,NA,5.01
Switzerland,2020,99.17,98.34,93.12,68.07,NA,5.28
Switzerland,2021,99.35,98.7,92.69,71.89,NA,5.04
Switzerland,2022,NA,NA,NA,74.15,NA,4.89
Syrian Arab Republic,2013,NA,NA,NA,33.14,NA,NA
Syrian Arab Republic,2014,NA,NA,NA,47.38,96.1,NA
Syrian Arab Republic,2015,NA,NA,NA,51.17,NA,NA
Syrian Arab Republic,2016,NA,NA,NA,46.58,NA,NA
Syrian Arab Republic,2021,NA,NA,NA,NA,98,NA
Tajikistan,2013,NA,NA,NA,22.77,NA,5.29
Tajikistan,2014,NA,NA,NA,24.48,NA,5.59
Tajikistan,2015,NA,NA,NA,26.46,NA,4.97
Tajikistan,2016,NA,NA,NA,29.12,NA,5.73
Tajikistan,2017,98.56,94.23,71.63,31.11,98.81,5.54
Tajikistan,2018,NA,NA,NA,NA,NA,5.39
Tajikistan,2019,NA,NA,NA,NA,NA,5.48
Tajikistan,2020,NA,NA,NA,37.23,NA,5.74
Tajikistan,2021,NA,NA,NA,39.5,NA,5.7
Tajikistan,2022,NA,NA,NA,38.34,NA,5.72
Tajikistan,2023,NA,NA,NA,34.67,NA,5.81
Tajikistan,2024,NA,NA,NA,34.4,NA,NA
Thailand,2013,98.14,86.33,54.15,49.33,98,3.82
Thailand,2014,NA,NA,NA,49.76,NA,3.92
Thailand,2015,NA,NA,NA,NA,98,3.86
Thailand,2016,98.38,82.59,53.94,49.51,97.49,3.77
Thailand,2017,NA,NA,NA,47.72,NA,3.47
Thailand,2018,NA,NA,NA,46.54,98,3.2
Thailand,2019,98.67,87.42,66.41,45.44,98.52,3.02
Thailand,2020,NA,NA,NA,43.11,NA,3.15
Thailand,2021,NA,NA,NA,44.08,98.8,2.98
Thailand,2022,98.81,89.82,71.05,43.96,98.17,2.61
Thailand,2023,NA,NA,NA,46.18,NA,2.52
Thailand,2024,NA,NA,NA,48.37,NA,NA
Timor-Leste,2013,NA,NA,NA,NA,NA,5.68
Timor-Leste,2014,NA,NA,NA,NA,NA,7.66
Timor-Leste,2015,NA,NA,NA,NA,NA,6.29
Timor-Leste,2016,80.69,66.04,51.96,NA,89.14,6.01
Timor-Leste,2017,NA,NA,NA,NA,NA,5.2
Timor-Leste,2018,NA,NA,NA,NA,NA,4.87
Timor-Leste,2019,NA,NA,NA,NA,NA,4.18
Timor-Leste,2020,NA,NA,NA,NA,85.1,3.65
Timor-Leste,2021,NA,NA,NA,NA,NA,2.97
Timor-Leste,2023,NA,NA,NA,30.84,NA,NA
Togo,2013,NA,NA,NA,11.09,NA,3.17
Togo,2014,61.29,23.87,15.01,10.77,79.66,3.42
Togo,2015,NA,NA,NA,11.04,84,3.71
Togo,2016,NA,NA,NA,12.32,NA,3.66
Togo,2017,79.83,47.49,21.27,12.52,82.51,3.77
Togo,2018,NA,NA,NA,13.1,NA,4.09
Togo,2019,NA,NA,NA,13.32,88,4.2
Togo,2020,NA,NA,NA,15.07,NA,4.09
Togo,2021,NA,NA,NA,NA,NA,4.23
Togo,2022,NA,NA,NA,NA,NA,3.8
Tonga,2017,NA,NA,NA,NA,NA,5.06
Tonga,2018,NA,NA,NA,NA,NA,4.97
Tonga,2019,98.21,92.43,83.8,NA,99.89,5.27
Tonga,2020,NA,NA,NA,21.28,NA,4.86
Tonga,2021,NA,NA,NA,NA,99.4,4.93
Tonga,2022,NA,NA,NA,NA,NA,5.65
Tonga,2023,NA,NA,NA,51.22,NA,5.15
Trinidad and Tobago,2013,NA,NA,NA,NA,NA,3.77
Trinidad and Tobago,2014,NA,NA,NA,NA,NA,3.62
Trinidad and Tobago,2015,NA,NA,NA,NA,NA,4.45
Trinidad and Tobago,2016,NA,NA,NA,NA,NA,4.17
Trinidad and Tobago,2017,NA,NA,NA,NA,NA,3.53
Trinidad and Tobago,2018,NA,NA,NA,NA,NA,3.64
Trinidad and Tobago,2019,NA,NA,NA,NA,NA,3.54
Trinidad and Tobago,2020,NA,NA,NA,NA,NA,4.26
Trinidad and Tobago,2021,NA,NA,NA,NA,NA,3
Trinidad and Tobago,2022,99.1,95.12,79.91,NA,92,2.88
Tunisia,2013,NA,NA,NA,33.02,NA,NA
Tunisia,2014,NA,NA,NA,33.08,96,NA
Tunisia,2015,NA,NA,NA,33.06,NA,6.22
Tunisia,2016,NA,NA,NA,31.19,NA,NA
Tunisia,2017,NA,NA,NA,31.02,NA,NA
Tunisia,2018,95.1,74.24,48.78,31.14,97.98,NA
Tunisia,2019,NA,NA,NA,31.82,97,6.17
Tunisia,2020,NA,NA,NA,33.13,NA,7.27
Tunisia,2021,NA,NA,NA,33.9,NA,6.68
Tunisia,2022,92.72,75.62,35.63,37.8,98.16,6.8
Tunisia,2023,NA,NA,NA,38.45,NA,6.73
Türkiye,2013,NA,NA,NA,79.65,99,4.34
Türkiye,2014,98.49,92.34,55.87,87,99,4.41
Türkiye,2015,NA,NA,NA,95.56,99,4.31
Türkiye,2016,NA,NA,NA,103.72,100,4.63
Türkiye,2017,NA,NA,NA,110.53,100,4.32
Türkiye,2018,97.67,92.84,64.25,115.46,99.39,4.3
Türkiye,2019,NA,NA,NA,117.01,100,4.45
Türkiye,2020,NA,NA,NA,118.88,NA,4.03
Türkiye,2021,NA,NA,NA,125.76,NA,3.54
Türkiye,2022,NA,NA,NA,127.58,NA,2.61
Turkmenistan,2014,NA,NA,NA,7.81,NA,NA
Turkmenistan,2015,99.85,99.51,20.5,NA,NA,NA
Turkmenistan,2019,99.35,99.07,15.73,12.98,NA,3.12
Turkmenistan,2020,NA,NA,NA,14.35,NA,3.76
Turkmenistan,2021,NA,NA,NA,16.42,NA,3.85
Turkmenistan,2022,NA,NA,NA,18.25,NA,3.73
Turkmenistan,2023,NA,NA,NA,NA,NA,2.75
Turks and Caicos Islands,2013,NA,NA,NA,NA,NA,2.91
Turks and Caicos Islands,2014,NA,NA,NA,13.59,NA,2.75
Turks and Caicos Islands,2015,NA,NA,NA,12.52,NA,2.99
Turks and Caicos Islands,2016,NA,NA,NA,11.14,NA,2.91
Turks and Caicos Islands,2017,NA,NA,NA,11.84,NA,2.47
Turks and Caicos Islands,2018,NA,NA,NA,11.36,NA,2.87
Turks and Caicos Islands,2019,98.71,99.34,97.69,11.76,NA,3.03
Turks and Caicos Islands,2020,NA,NA,NA,NA,99.94,2.42
Turks and Caicos Islands,2021,NA,NA,NA,NA,NA,4.11
Turks and Caicos Islands,2022,NA,NA,NA,17.09,NA,4.11
Turks and Caicos Islands,2023,NA,NA,NA,25.29,NA,3.14
Tuvalu,2013,NA,NA,NA,0,NA,NA
Tuvalu,2014,NA,NA,NA,0,NA,NA
Tuvalu,2015,NA,NA,NA,0,NA,NA
Tuvalu,2016,NA,NA,NA,0,NA,NA
Tuvalu,2017,NA,NA,NA,0,NA,NA
Tuvalu,2018,NA,NA,NA,0,NA,NA
Tuvalu,2019,100,85.19,55.45,0,98.82,NA
Tuvalu,2020,NA,NA,NA,0,NA,NA
Tuvalu,2021,NA,NA,NA,0,NA,NA
Tuvalu,2022,NA,NA,NA,0,NA,NA
Tuvalu,2023,NA,NA,NA,0,NA,12.85
Uganda,2013,NA,NA,NA,4.02,NA,1.87
Uganda,2014,NA,NA,NA,4.57,NA,1.91
Uganda,2015,NA,NA,NA,4.92,NA,2.32
Uganda,2016,43.71,26.26,17.55,4.76,79.78,2.14
Uganda,2017,NA,NA,NA,NA,NA,2.25
Uganda,2018,NA,NA,NA,NA,NA,2.13
Uganda,2019,27.19,22.51,15.68,NA,NA,2.31
Uganda,2020,NA,NA,NA,NA,NA,2.57
Uganda,2021,NA,NA,NA,NA,NA,2.64
Uganda,2022,NA,NA,NA,NA,91.83,2.56
Uganda,2023,NA,NA,NA,NA,NA,2.55
Ukraine,2013,99.58,99.46,95.29,81.53,NA,6.42
Ukraine,2014,NA,NA,NA,83.78,NA,5.87
Ukraine,2015,NA,NA,NA,76.86,NA,5.74
Ukraine,2016,NA,NA,NA,77.04,NA,5.01
Ukraine,2017,NA,NA,NA,80.2,NA,5.42
Ukraine,2018,NA,NA,NA,81.49,NA,5.32
Ukraine,2019,NA,NA,NA,84.48,NA,5.44
Ukraine,2020,NA,NA,NA,82.13,NA,5.38
Ukraine,2021,NA,NA,NA,75.91,99.9,5.14
Ukraine,2022,NA,NA,NA,NA,NA,5.93
United Arab Emirates,2019,NA,NA,NA,56.57,98,3.86
United Arab Emirates,2020,NA,NA,NA,55.75,NA,3.98
United Arab Emirates,2021,NA,NA,NA,NA,100,3.89
United Arab Emirates,2022,NA,NA,NA,NA,100,NA
United Arab Emirates,2023,NA,NA,NA,61.35,NA,NA
United Kingdom of Great Britain and Northern Ireland,2013,99.7,99.4,80.81,56.76,NA,5.53
United Kingdom of Great Britain and Northern Ireland,2014,99.96,99.92,82.55,56.49,NA,5.6
United Kingdom of Great Britain and Northern Ireland,2015,99.97,99.95,84.26,56.4,NA,5.55
United Kingdom of Great Britain and Northern Ireland,2016,99.86,99.71,82.97,58.02,NA,5.43
United Kingdom of Great Britain and Northern Ireland,2017,99.7,99.41,83.3,59.55,NA,5.45
United Kingdom of Great Britain and Northern Ireland,2018,99.8,99.59,82.74,61.09,NA,5.2
United Kingdom of Great Britain and Northern Ireland,2019,99.8,99.59,84.47,65.52,NA,5.26
United Kingdom of Great Britain and Northern Ireland,2020,NA,NA,NA,69.53,NA,5.44
United Kingdom of Great Britain and Northern Ireland,2021,NA,NA,NA,77.08,NA,5.9
United Kingdom of Great Britain and Northern Ireland,2022,NA,NA,NA,80.15,NA,4.96
United Republic of Tanzania,2013,NA,NA,NA,3.76,NA,4.64
United Republic of Tanzania,2014,NA,NA,NA,NA,NA,4.35
United Republic of Tanzania,2015,79.56,28.66,8.49,4.16,86,4.19
United Republic of Tanzania,2016,NA,NA,NA,3.95,NA,4.1
United Republic of Tanzania,2017,NA,NA,NA,NA,NA,4.4
United Republic of Tanzania,2018,74.05,25.37,7.27,NA,NA,3.96
United Republic of Tanzania,2019,68.34,23.55,11.5,3.02,NA,3.6
United Republic of Tanzania,2020,NA,NA,NA,7.51,NA,3.23
United Republic of Tanzania,2021,NA,NA,NA,3.71,NA,3.12
United Republic of Tanzania,2022,74.45,27.97,8.94,5.43,87.07,3.24
United Republic of Tanzania,2023,NA,NA,NA,5.22,NA,3.26
United Republic of Tanzania,2024,NA,NA,NA,4.02,NA,NA
United States of America,2013,99.78,98.54,91.53,88.73,NA,6.23
United States of America,2014,NA,NA,NA,88.63,NA,6.13
United States of America,2015,99.67,98.78,92.99,88.89,NA,4.93
United States of America,2016,99.62,98.78,93.59,88.84,NA,4.78
United States of America,2017,99.67,98.82,93.96,88.17,NA,5.09
United States of America,2018,98.78,98.59,92.64,88.3,NA,4.9
United States of America,2019,99.11,98.62,93.4,87.89,NA,4.96
United States of America,2020,99.54,98.8,95.04,87.57,NA,5.4
United States of America,2021,99.57,98.76,94.58,84.86,NA,5.43
United States of America,2022,NA,NA,NA,79.36,NA,NA
Uruguay,2013,97.13,65.76,35.11,59.95,98.93,4.24
Uruguay,2014,97.3,67.21,35.31,59.83,98.84,4.27
Uruguay,2015,97.28,68.65,35.14,57.79,98.93,4.21
Uruguay,2016,97.94,69.65,36.33,59.65,99.15,4.36
Uruguay,2017,98.01,72.44,38.9,59.75,98.93,4.42
Uruguay,2018,97.6,73.21,40.35,60.28,98.87,4.6
Uruguay,2019,98.15,76.86,40.95,61.96,99.02,4.63
Uruguay,2020,NA,NA,NA,64.93,NA,4.54
Uruguay,2021,98.58,81.81,49.09,75.17,99.18,4.46
Uruguay,2022,98.87,82.71,49.24,76.4,99.13,4.51
Uzbekistan,2013,NA,NA,NA,7.98,100,5.74
Uzbekistan,2014,NA,NA,NA,7.99,100,5.71
Uzbekistan,2015,NA,NA,NA,8.05,100,5.49
Uzbekistan,2016,NA,NA,NA,8.34,100,5.42
Uzbekistan,2017,NA,NA,NA,8.65,NA,5.03
Uzbekistan,2018,NA,NA,NA,9.96,100,4.84
Uzbekistan,2019,NA,NA,NA,12.45,100,6.3
Uzbekistan,2020,NA,NA,NA,15.97,NA,4.95
Uzbekistan,2021,NA,NA,NA,21.58,100,5.37
Uzbekistan,2022,99.71,99.06,95,31.3,100,5.23
Uzbekistan,2023,NA,NA,NA,45.84,NA,5.47
Uzbekistan,2024,NA,NA,NA,56.94,NA,NA
Vanuatu,2014,NA,NA,NA,NA,95.3,5.18
Vanuatu,2015,NA,NA,NA,NA,NA,5.6
Vanuatu,2016,NA,NA,NA,NA,NA,7.68
Vanuatu,2017,NA,NA,NA,NA,NA,4.53
Vanuatu,2018,NA,NA,NA,NA,NA,8.61
Vanuatu,2019,NA,NA,NA,NA,NA,1.77
Vanuatu,2020,NA,NA,NA,NA,NA,2.17
Vanuatu,2021,NA,NA,NA,NA,96.9,10.11
Vanuatu,2022,NA,NA,NA,NA,NA,10.7
Vanuatu,2023,NA,NA,NA,NA,NA,10.64
Venezuela (Bolivarian Republic of),2013,94.61,78.98,70.54,NA,98.74,NA
Venezuela (Bolivarian Republic of),2014,94.07,79.64,70.07,NA,98.88,NA
Venezuela (Bolivarian Republic of),2015,NA,NA,NA,NA,99,NA
Venezuela (Bolivarian Republic of),2016,NA,NA,NA,NA,99,NA
Venezuela (Bolivarian Republic of),2022,NA,NA,NA,NA,98.73,NA
Viet Nam,2013,NA,NA,NA,26.94,NA,4.53
Viet Nam,2014,96.57,83.43,55.11,32.87,NA,3.54
Viet Nam,2015,NA,NA,NA,31.09,NA,3.42
Viet Nam,2016,NA,NA,NA,30.23,NA,3.47
Viet Nam,2017,NA,NA,NA,NA,NA,3.42
Viet Nam,2018,NA,NA,NA,NA,NA,3.15
Viet Nam,2019,NA,NA,NA,28.51,99,3.08
Viet Nam,2020,NA,NA,NA,NA,98.2,3.22
Viet Nam,2021,98.29,86.97,57.89,38.87,NA,2.95
Viet Nam,2022,NA,NA,NA,42.22,99,2.89
Yemen,2013,62.33,46.49,30.6,NA,NA,NA
Yemen,2023,68.13,52.83,36.57,NA,69.23,NA
Zambia,2013,74.98,51.45,28.5,NA,NA,3.72
Zambia,2015,NA,NA,NA,NA,NA,4.62
Zambia,2016,NA,NA,NA,NA,NA,3.75
Zambia,2017,NA,NA,NA,NA,NA,3.73
Zambia,2018,72.02,50.99,28.15,NA,77.69,4.74
Zambia,2019,NA,NA,NA,NA,NA,4.42
Zambia,2020,NA,NA,NA,NA,93.2,3.95
Zambia,2021,NA,NA,NA,NA,NA,3.11
Zambia,2022,NA,NA,NA,NA,NA,3.58
Zimbabwe,2013,NA,NA,NA,7.63,NA,6
Zimbabwe,2014,86.77,69.74,9.76,NA,90.43,6.14
Zimbabwe,2015,88.08,72.42,12.69,10.6,NA,NA
Zimbabwe,2016,NA,NA,NA,7.93,NA,NA
Zimbabwe,2017,NA,NA,NA,8.54,NA,5.82
Zimbabwe,2018,NA,NA,NA,8.43,NA,2.05
Zimbabwe,2019,88.81,53.94,13.97,10,92.51,NA
Zimbabwe,2020,NA,NA,NA,9.72,NA,NA
Zimbabwe,2022,NA,NA,NA,NA,90.86,NA
