Country Name,Country Code,Series,Series Code,2009 [YR2009],2010 [YR2010],2011 [YR2011],2012 [YR2012],2013 [YR2013],2014 [YR2014],2015 [YR2015],2016 [YR2016],2017 [YR2017],2018 [YR2018],2019 [YR2019]
Afghanistan,AFG,"Adult literacy rate, population 15+ years, both sexes (%)",SE.ADT.LITR.ZS,..,..,31.44885,..,..,..,..,..,..,43.01972,..
Afghanistan,AFG,"Youth literacy rate, population 15-24 years, both sexes (%)",SE.ADT.1524.LT.ZS,..,..,46.99005,..,..,..,..,..,..,65.42055,..
Albania,ALB,"Adult literacy rate, population 15+ years, both sexes (%)",SE.ADT.LITR.ZS,..,..,96.8453,97.24697,..,..,..,..,..,98.14115,..
Albania,ALB,"Youth literacy rate, population 15-24 years, both sexes (%)",SE.ADT.1524.LT.ZS,..,..,98.79119,99.2314,..,..,..,..,..,99.33,..
Algeria,DZA,"Adult literacy rate, population 15+ years, both sexes (%)",SE.ADT.LITR.ZS,..,..,..,..,..,..,..,..,..,81.40784,..
Algeria,DZA,"Youth literacy rate, population 15-24 years, both sexes (%)",SE.ADT.1524.LT.ZS,..,..,..,..,..,..,..,..,..,97.42652,..
American Samoa,ASM,"Adult literacy rate, population 15+ years, both sexes (%)",SE.ADT.LITR.ZS,..,..,..,..,..,..,..,..,..,..,..
American Samoa,ASM,"Youth literacy rate, population 15-24 years, both sexes (%)",SE.ADT.1524.LT.ZS,..,..,..,..,..,..,..,..,..,..,..
Andorra,AND,"Adult literacy rate, population 15+ years, both sexes (%)",SE.ADT.LITR.ZS,..,..,..,..,..,..,..,..,..,..,..
Andorra,AND,"Youth literacy rate, population 15-24 years, both sexes (%)",SE.ADT.1524.LT.ZS,..,..,..,..,..,..,..,..,..,..,..
Angola,AGO,"Adult literacy rate, population 15+ years, both sexes (%)",SE.ADT.LITR.ZS,..,..,..,..,..,66.03011,..,..,..,..,..
Angola,AGO,"Youth literacy rate, population 15-24 years, both sexes (%)",SE.ADT.1524.LT.ZS,..,..,..,..,..,77.43113,..,..,..,..,..
Anguilla,AIA,"Adult literacy rate, population 15+ years, both sexes (%)",SE.ADT.LITR.ZS,..,..,..,..,..,..,..,..,..,..,..
Anguilla,AIA,"Youth literacy rate, population 15-24 years, both sexes (%)",SE.ADT.1524.LT.ZS,..,..,..,..,..,..,..,..,..,..,..
Antigua and Barbuda,ATG,"Adult literacy rate, population 15+ years, both sexes (%)",SE.ADT.LITR.ZS,..,..,98.95,..,..,..,98.95,..,..,..,..
Antigua and Barbuda,ATG,"Youth literacy rate, population 15-24 years, both sexes (%)",SE.ADT.1524.LT.ZS,..,..,..,..,..,..,..,..,..,..,..
Arab World,ARB,"Adult literacy rate, population 15+ years, both sexes (%)",SE.ADT.LITR.ZS,68.30745,69.24863,71.06061,74.43569,74.04358,75.71389,73.49939,74.8408,75.76682,72.86909,73.11425
Arab World,ARB,"Youth literacy rate, population 15-24 years, both sexes (%)",SE.ADT.1524.LT.ZS,81.33587,81.68145,82.0158,85.90535,86.29378,87.18571,83.81765,86.08725,86.60847,82.83087,82.90794
Argentina,ARG,"Adult literacy rate, population 15+ years, both sexes (%)",SE.ADT.LITR.ZS,98.98342,98.95497,99.10833,99.10523,99.12195,98.99389,99.17996,99.12501,..,99.00387,..
Argentina,ARG,"Youth literacy rate, population 15-24 years, both sexes (%)",SE.ADT.1524.LT.ZS,99.58429,99.29864,99.62824,99.37587,99.55132,99.29671,99.5597,99.50271,..,99.50552,..
Armenia,ARM,"Adult literacy rate, population 15+ years, both sexes (%)",SE.ADT.LITR.ZS,..,..,99.74441,..,..,..,..,..,99.73607,..,..
Armenia,ARM,"Youth literacy rate, population 15-24 years, both sexes (%)",SE.ADT.1524.LT.ZS,..,..,99.8474,..,..,..,..,..,99.84702,..,..
Aruba,ABW,"Adult literacy rate, population 15+ years, both sexes (%)",SE.ADT.LITR.ZS,..,96.82264,..,..,..,..,..,..,..,97.80742,..
Aruba,ABW,"Youth literacy rate, population 15-24 years, both sexes (%)",SE.ADT.1524.LT.ZS,..,99.13841,..,..,..,..,..,..,..,99.5,..
Australia,AUS,"Adult literacy rate, population 15+ years, both sexes (%)",SE.ADT.LITR.ZS,..,..,..,..,..,..,..,..,..,..,..
Australia,AUS,"Youth literacy rate, population 15-24 years, both sexes (%)",SE.ADT.1524.LT.ZS,..,..,..,..,..,..,..,..,..,..,..
Austria,AUT,"Adult literacy rate, population 15+ years, both sexes (%)",SE.ADT.LITR.ZS,..,..,..,..,..,..,..,..,..,..,..
Austria,AUT,"Youth literacy rate, population 15-24 years, both sexes (%)",SE.ADT.1524.LT.ZS,..,..,..,..,..,..,..,..,..,..,..
Azerbaijan,AZE,"Adult literacy rate, population 15+ years, both sexes (%)",SE.ADT.LITR.ZS,99.75984,99.77114,99.77863,99.77577,99.78936,99.78899,99.78806,99.79006,99.79123,..,..
Azerbaijan,AZE,"Youth literacy rate, population 15-24 years, both sexes (%)",SE.ADT.1524.LT.ZS,99.9513,99.9506,99.9441,99.93675,99.95247,99.95699,99.94278,99.94048,99.93805,..,..
"Bahamas, The",BHS,"Adult literacy rate, population 15+ years, both sexes (%)",SE.ADT.LITR.ZS,..,..,..,..,..,..,..,..,..,..,..
"Bahamas, The",BHS,"Youth literacy rate, population 15-24 years, both sexes (%)",SE.ADT.1524.LT.ZS,..,..,..,..,..,..,..,..,..,..,..
Bahrain,BHR,"Adult literacy rate, population 15+ years, both sexes (%)",SE.ADT.LITR.ZS,..,90.9774,..,..,..,..,..,97.06668,97.40389,97.46419,..
Bahrain,BHR,"Youth literacy rate, population 15-24 years, both sexes (%)",SE.ADT.1524.LT.ZS,..,95.45447,..,..,..,..,..,99.48031,99.59822,99.6872,..
Bangladesh,BGD,"Adult literacy rate, population 15+ years, both sexes (%)",SE.ADT.LITR.ZS,..,..,58.76918,57.86075,61.01554,61.0933,65.13733,72.75872,72.89297,73.9122,74.68446
Bangladesh,BGD,"Youth literacy rate, population 15-24 years, both sexes (%)",SE.ADT.1524.LT.ZS,..,..,77.98499,77.83291,85.52715,85.55473,87.88877,92.24265,92.95076,93.29644,94.86243
Barbados,BRB,"Adult literacy rate, population 15+ years, both sexes (%)",SE.ADT.LITR.ZS,..,..,..,..,..,99.6,..,..,..,..,..
Barbados,BRB,"Youth literacy rate, population 15-24 years, both sexes (%)",SE.ADT.1524.LT.ZS,..,..,..,..,..,99.9,..,..,..,..,..
Belarus,BLR,"Adult literacy rate, population 15+ years, both sexes (%)",SE.ADT.LITR.ZS,99.61706,..,..,..,..,..,..,..,..,99.75656,..
Belarus,BLR,"Youth literacy rate, population 15-24 years, both sexes (%)",SE.ADT.1524.LT.ZS,99.82321,..,..,..,..,..,..,..,..,99.85,..
Belgium,BEL,"Adult literacy rate, population 15+ years, both sexes (%)",SE.ADT.LITR.ZS,..,..,..,..,..,..,..,..,..,..,..
Belgium,BEL,"Youth literacy rate, population 15-24 years, both sexes (%)",SE.ADT.1524.LT.ZS,..,..,..,..,..,..,..,..,..,..,..
Belize,BLZ,"Adult literacy rate, population 15+ years, both sexes (%)",SE.ADT.LITR.ZS,..,..,..,..,..,..,..,..,..,..,..
Belize,BLZ,"Youth literacy rate, population 15-24 years, both sexes (%)",SE.ADT.1524.LT.ZS,..,..,..,..,..,..,..,..,..,..,..
Benin,BEN,"Adult literacy rate, population 15+ years, both sexes (%)",SE.ADT.LITR.ZS,..,..,..,32.94882,..,..,..,..,..,42.3624,..
Benin,BEN,"Youth literacy rate, population 15-24 years, both sexes (%)",SE.ADT.1524.LT.ZS,..,..,..,52.49247,..,..,..,..,..,60.94808,..
Bermuda,BMU,"Adult literacy rate, population 15+ years, both sexes (%)",SE.ADT.LITR.ZS,..,..,..,..,..,..,..,..,..,..,..
Bermuda,BMU,"Youth literacy rate, population 15-24 years, both sexes (%)",SE.ADT.1524.LT.ZS,..,..,..,..,..,..,..,..,..,..,..
Bhutan,BTN,"Adult literacy rate, population 15+ years, both sexes (%)",SE.ADT.LITR.ZS,..,..,..,55.31756,..,..,..,..,66.56115,..,..
Bhutan,BTN,"Youth literacy rate, population 15-24 years, both sexes (%)",SE.ADT.1524.LT.ZS,..,..,..,86.05901,..,..,..,..,93.09063,..,..
Bolivia,BOL,"Adult literacy rate, population 15+ years, both sexes (%)",SE.ADT.LITR.ZS,91.16783,..,92.22615,94.46057,..,..,92.45508,..,..,..,..
Bolivia,BOL,"Youth literacy rate, population 15-24 years, both sexes (%)",SE.ADT.1524.LT.ZS,99.38397,..,99.00752,98.99588,..,..,99.39917,..,..,..,..
Bosnia and Herzegovina,BIH,"Adult literacy rate, population 15+ years, both sexes (%)",SE.ADT.LITR.ZS,..,..,98.14204,..,96.99177,..,..,..,..,..,..
Bosnia and Herzegovina,BIH,"Youth literacy rate, population 15-24 years, both sexes (%)",SE.ADT.1524.LT.ZS,..,..,99.46231,..,99.66243,..,..,..,..,..,..
Botswana,BWA,"Adult literacy rate, population 15+ years, both sexes (%)",SE.ADT.LITR.ZS,..,..,..,..,86.82318,..,..,..,..,..,..
Botswana,BWA,"Youth literacy rate, population 15-24 years, both sexes (%)",SE.ADT.1524.LT.ZS,..,..,..,..,97.45629,..,..,..,..,..,..
Brazil,BRA,"Adult literacy rate, population 15+ years, both sexes (%)",SE.ADT.LITR.ZS,90.29821,90.37918,91.41124,91.33785,91.48424,91.72943,92.0479,92.80844,93.07582,93.2275,..
Brazil,BRA,"Youth literacy rate, population 15-24 years, both sexes (%)",SE.ADT.1524.LT.ZS,98.06554,97.51412,98.48692,98.61966,98.73668,98.84569,98.96375,99.11096,99.15541,99.20417,..
British Virgin Islands,VGB,"Adult literacy rate, population 15+ years, both sexes (%)",SE.ADT.LITR.ZS,..,..,..,..,..,..,..,..,..,..,..
British Virgin Islands,VGB,"Youth literacy rate, population 15-24 years, both sexes (%)",SE.ADT.1524.LT.ZS,..,..,..,..,..,..,..,..,..,..,..
Brunei Darussalam,BRN,"Adult literacy rate, population 15+ years, both sexes (%)",SE.ADT.LITR.ZS,..,..,96.08556,..,..,..,..,..,..,97.21411,..
Brunei Darussalam,BRN,"Youth literacy rate, population 15-24 years, both sexes (%)",SE.ADT.1524.LT.ZS,..,..,99.36677,..,..,..,..,..,..,99.70894,..
Bulgaria,BGR,"Adult literacy rate, population 15+ years, both sexes (%)",SE.ADT.LITR.ZS,..,..,98.35245,..,..,..,..,..,..,..,..
Bulgaria,BGR,"Youth literacy rate, population 15-24 years, both sexes (%)",SE.ADT.1524.LT.ZS,..,..,97.86505,..,..,..,..,..,..,..,..
Burkina Faso,BFA,"Adult literacy rate, population 15+ years, both sexes (%)",SE.ADT.LITR.ZS,..,..,..,..,..,34.5994,..,..,..,41.22445,..
Burkina Faso,BFA,"Youth literacy rate, population 15-24 years, both sexes (%)",SE.ADT.1524.LT.ZS,..,..,..,..,..,50.0963,..,..,..,58.29,..
Burundi,BDI,"Adult literacy rate, population 15+ years, both sexes (%)",SE.ADT.LITR.ZS,..,..,..,..,..,61.51349,..,..,68.37533,..,..
Burundi,BDI,"Youth literacy rate, population 15-24 years, both sexes (%)",SE.ADT.1524.LT.ZS,..,..,..,..,..,79.55961,..,..,88.22177,..,..
Cabo Verde,CPV,"Adult literacy rate, population 15+ years, both sexes (%)",SE.ADT.LITR.ZS,..,..,..,85.32779,..,..,86.79029,..,..,..,..
Cabo Verde,CPV,"Youth literacy rate, population 15-24 years, both sexes (%)",SE.ADT.1524.LT.ZS,..,..,..,98.12897,..,..,98.11131,..,..,..,..
Cambodia,KHM,"Adult literacy rate, population 15+ years, both sexes (%)",SE.ADT.LITR.ZS,76.13796,..,..,..,..,78.05509,80.52649,..,..,..,..
Cambodia,KHM,"Youth literacy rate, population 15-24 years, both sexes (%)",SE.ADT.1524.LT.ZS,87.12393,..,..,..,..,90.14187,92.21236,..,..,..,..
Cameroon,CMR,"Adult literacy rate, population 15+ years, both sexes (%)",SE.ADT.LITR.ZS,..,71.29051,..,..,..,..,..,..,..,77.07104,..
Cameroon,CMR,"Youth literacy rate, population 15-24 years, both sexes (%)",SE.ADT.1524.LT.ZS,..,80.57444,..,..,..,..,..,..,..,85.08,..
Canada,CAN,"Adult literacy rate, population 15+ years, both sexes (%)",SE.ADT.LITR.ZS,..,..,..,..,..,..,..,..,..,..,..
Canada,CAN,"Youth literacy rate, population 15-24 years, both sexes (%)",SE.ADT.1524.LT.ZS,..,..,..,..,..,..,..,..,..,..,..
Caribbean small states,CSS,"Adult literacy rate, population 15+ years, both sexes (%)",SE.ADT.LITR.ZS,90.64427,90.88846,91.08869,91.10729,91.17652,91.34948,91.44356,..,..,..,..
Caribbean small states,CSS,"Youth literacy rate, population 15-24 years, both sexes (%)",SE.ADT.1524.LT.ZS,95.90667,95.95851,96.06773,96.0912,96.52855,96.65606,96.62038,..,..,..,..
Cayman Islands,CYM,"Adult literacy rate, population 15+ years, both sexes (%)",SE.ADT.LITR.ZS,..,..,..,..,..,..,..,..,..,..,..
Cayman Islands,CYM,"Youth literacy rate, population 15-24 years, both sexes (%)",SE.ADT.1524.LT.ZS,..,..,..,..,..,..,..,..,..,..,..
Central African Republic,CAF,"Adult literacy rate, population 15+ years, both sexes (%)",SE.ADT.LITR.ZS,..,36.75261,..,..,..,..,..,..,..,37.39582,..
Central African Republic,CAF,"Youth literacy rate, population 15-24 years, both sexes (%)",SE.ADT.1524.LT.ZS,..,36.35627,..,..,..,..,..,..,..,38.26865,..
Central Europe and the Baltics,CEB,"Adult literacy rate, population 15+ years, both sexes (%)",SE.ADT.LITR.ZS,98.89883,98.91722,98.93425,98.94539,98.95434,98.96629,98.97773,98.99103,..,..,..
Central Europe and the Baltics,CEB,"Youth literacy rate, population 15-24 years, both sexes (%)",SE.ADT.1524.LT.ZS,99.36371,99.38328,99.40172,99.41957,99.43898,99.45876,99.47612,99.496,..,..,..
Chad,TCD,"Adult literacy rate, population 15+ years, both sexes (%)",SE.ADT.LITR.ZS,..,..,..,..,..,..,26.00299,22.31155,..,..,..
Chad,TCD,"Youth literacy rate, population 15-24 years, both sexes (%)",SE.ADT.1524.LT.ZS,..,..,..,..,..,..,38.77242,30.79161,..,..,..
Channel Islands,CHI,"Adult literacy rate, population 15+ years, both sexes (%)",SE.ADT.LITR.ZS,..,..,..,..,..,..,..,..,..,..,..
Channel Islands,CHI,"Youth literacy rate, population 15-24 years, both sexes (%)",SE.ADT.1524.LT.ZS,..,..,..,..,..,..,..,..,..,..,..
Chile,CHL,"Adult literacy rate, population 15+ years, both sexes (%)",SE.ADT.LITR.ZS,97.66423,96.8186,96.70301,..,96.26706,..,96.87413,..,96.40228,..,..
Chile,CHL,"Youth literacy rate, population 15-24 years, both sexes (%)",SE.ADT.1524.LT.ZS,98.87238,98.84012,99.40819,..,99.04828,..,99.35394,..,99.00866,..,..
China,CHN,"Adult literacy rate, population 15+ years, both sexes (%)",SE.ADT.LITR.ZS,..,95.12448,..,..,..,..,..,..,..,96.84089,..
China,CHN,"Youth literacy rate, population 15-24 years, both sexes (%)",SE.ADT.1524.LT.ZS,..,99.64229,..,..,..,..,..,..,..,99.7836,..
Colombia,COL,"Adult literacy rate, population 15+ years, both sexes (%)",SE.ADT.LITR.ZS,93.24469,93.37233,93.58053,..,..,94.18625,94.24505,94.65385,..,95.09251,..
Colombia,COL,"Youth literacy rate, population 15-24 years, both sexes (%)",SE.ADT.1524.LT.ZS,97.93743,98.09842,98.23938,..,..,98.54095,98.53473,98.66831,..,98.85165,..
Comoros,COM,"Adult literacy rate, population 15+ years, both sexes (%)",SE.ADT.LITR.ZS,..,..,..,49.19614,..,..,..,..,..,58.81702,..
Comoros,COM,"Youth literacy rate, population 15-24 years, both sexes (%)",SE.ADT.1524.LT.ZS,..,..,..,71.58127,..,..,..,..,..,78.27039,..
"Congo, Dem. Rep.",COD,"Adult literacy rate, population 15+ years, both sexes (%)",SE.ADT.LITR.ZS,..,..,..,75.01719,..,..,..,77.04268,..,..,..
"Congo, Dem. Rep.",COD,"Youth literacy rate, population 15-24 years, both sexes (%)",SE.ADT.1524.LT.ZS,..,..,..,83.59755,..,..,..,84.98951,..,..,..
"Congo, Rep.",COG,"Adult literacy rate, population 15+ years, both sexes (%)",SE.ADT.LITR.ZS,..,..,79.31117,..,..,..,..,..,..,80.29876,..
"Congo, Rep.",COG,"Youth literacy rate, population 15-24 years, both sexes (%)",SE.ADT.1524.LT.ZS,..,..,80.91395,..,..,..,..,..,..,82.05479,..
Cook Islands,COK,"Adult literacy rate, population 15+ years, both sexes (%)",SE.ADT.LITR.ZS,..,..,..,..,..,..,..,..,..,..,..
Cook Islands,COK,"Youth literacy rate, population 15-24 years, both sexes (%)",SE.ADT.1524.LT.ZS,..,..,..,..,..,..,..,..,..,..,..
Costa Rica,CRI,"Adult literacy rate, population 15+ years, both sexes (%)",SE.ADT.LITR.ZS,..,..,97.40658,..,..,..,..,..,..,97.86379,..
Costa Rica,CRI,"Youth literacy rate, population 15-24 years, both sexes (%)",SE.ADT.1524.LT.ZS,..,..,99.1337,..,..,..,..,..,..,99.43,..
Cote d'Ivoire,CIV,"Adult literacy rate, population 15+ years, both sexes (%)",SE.ADT.LITR.ZS,..,..,..,40.98163,..,43.90842,..,..,..,47.16535,..
Cote d'Ivoire,CIV,"Youth literacy rate, population 15-24 years, both sexes (%)",SE.ADT.1524.LT.ZS,..,..,..,48.30996,..,53.02069,..,..,..,58.42015,..
Croatia,HRV,"Adult literacy rate, population 15+ years, both sexes (%)",SE.ADT.LITR.ZS,..,..,99.12536,..,..,..,..,..,..,..,..
Croatia,HRV,"Youth literacy rate, population 15-24 years, both sexes (%)",SE.ADT.1524.LT.ZS,..,..,99.72363,..,..,..,..,..,..,..,..
Cuba,CUB,"Adult literacy rate, population 15+ years, both sexes (%)",SE.ADT.LITR.ZS,..,..,..,99.75253,..,..,..,..,..,..,..
Cuba,CUB,"Youth literacy rate, population 15-24 years, both sexes (%)",SE.ADT.1524.LT.ZS,..,..,..,99.87465,..,..,..,..,..,..,..
Curacao,CUW,"Adult literacy rate, population 15+ years, both sexes (%)",SE.ADT.LITR.ZS,..,..,..,..,..,..,..,..,..,..,..
Curacao,CUW,"Youth literacy rate, population 15-24 years, both sexes (%)",SE.ADT.1524.LT.ZS,..,..,..,..,..,..,..,..,..,..,..
Cyprus,CYP,"Adult literacy rate, population 15+ years, both sexes (%)",SE.ADT.LITR.ZS,..,..,98.67843,..,..,..,..,..,..,..,..
Cyprus,CYP,"Youth literacy rate, population 15-24 years, both sexes (%)",SE.ADT.1524.LT.ZS,..,..,99.82099,..,..,..,..,..,..,..,..
Czechia,CZE,"Adult literacy rate, population 15+ years, both sexes (%)",SE.ADT.LITR.ZS,..,..,..,..,..,..,..,99.83303,..,..,..
Czechia,CZE,"Youth literacy rate, population 15-24 years, both sexes (%)",SE.ADT.1524.LT.ZS,..,..,..,..,..,..,..,99.78588,..,..,..
Denmark,DNK,"Adult literacy rate, population 15+ years, both sexes (%)",SE.ADT.LITR.ZS,..,..,..,..,..,..,..,..,..,..,..
Denmark,DNK,"Youth literacy rate, population 15-24 years, both sexes (%)",SE.ADT.1524.LT.ZS,..,..,..,..,..,..,..,..,..,..,..
Djibouti,DJI,"Adult literacy rate, population 15+ years, both sexes (%)",SE.ADT.LITR.ZS,..,..,..,..,..,..,..,..,..,..,..
Djibouti,DJI,"Youth literacy rate, population 15-24 years, both sexes (%)",SE.ADT.1524.LT.ZS,..,..,..,..,..,..,..,..,..,..,..
Dominica,DMA,"Adult literacy rate, population 15+ years, both sexes (%)",SE.ADT.LITR.ZS,..,..,..,..,..,..,..,..,..,..,..
Dominica,DMA,"Youth literacy rate, population 15-24 years, both sexes (%)",SE.ADT.1524.LT.ZS,..,..,..,..,..,..,..,..,..,..,..
Dominican Republic,DOM,"Adult literacy rate, population 15+ years, both sexes (%)",SE.ADT.LITR.ZS,..,89.53873,90.10638,90.15518,90.85815,91.76376,91.99121,93.77846,..,..,..
Dominican Republic,DOM,"Youth literacy rate, population 15-24 years, both sexes (%)",SE.ADT.1524.LT.ZS,..,96.80575,97.04205,97.02389,97.47243,97.68853,97.61406,98.83941,..,..,..
Early-demographic dividend,EAR,"Adult literacy rate, population 15+ years, both sexes (%)",SE.ADT.LITR.ZS,74.14258,75.28292,75.288,75.91932,76.4219,77.23737,77.95578,78.5781,79.017,79.35413,79.84099
Early-demographic dividend,EAR,"Youth literacy rate, population 15-24 years, both sexes (%)",SE.ADT.1524.LT.ZS,87.31527,87.49827,87.72501,88.37219,89.2037,89.86463,90.50688,91.00817,91.33305,91.68253,92.08379
East Asia & Pacific,EAS,"Adult literacy rate, population 15+ years, both sexes (%)",SE.ADT.LITR.ZS,94.24691,94.26799,94.07524,94.31336,94.42037,94.91773,95.13827,95.27538,95.47143,95.62532,95.77401
East Asia & Pacific,EAS,"Youth literacy rate, population 15-24 years, both sexes (%)",SE.ADT.1524.LT.ZS,98.71079,98.66478,98.25053,98.28724,98.31574,98.54473,98.59689,98.61837,98.64629,98.65081,98.68928
East Asia & Pacific (excluding high income),EAP,"Adult literacy rate, population 15+ years, both sexes (%)",SE.ADT.LITR.ZS,94.51883,94.60774,94.45591,94.67794,94.77902,95.19567,95.40923,95.53955,95.72929,95.87912,96.02679
East Asia & Pacific (excluding high income),EAP,"Youth literacy rate, population 15-24 years, both sexes (%)",SE.ADT.1524.LT.ZS,98.85713,98.84149,98.42478,98.45675,98.48134,98.67299,98.72313,98.74091,98.76678,98.76907,98.80507
East Asia & Pacific (IDA & IBRD countries),TEA,"Adult literacy rate, population 15+ years, both sexes (%)",SE.ADT.LITR.ZS,94.45156,94.54157,94.38782,94.61258,94.71494,95.13671,95.35287,95.48483,95.67691,95.8286,95.9781
East Asia & Pacific (IDA & IBRD countries),TEA,"Youth literacy rate, population 15-24 years, both sexes (%)",SE.ADT.1524.LT.ZS,98.84417,98.82807,98.4061,98.4379,98.46219,98.65575,98.70614,98.72389,98.74996,98.75224,98.78876
Ecuador,ECU,"Adult literacy rate, population 15+ years, both sexes (%)",SE.ADT.LITR.ZS,92.24976,91.85404,91.5869,92.06473,93.29463,94.22264,94.45566,94.35023,92.82979,..,..
Ecuador,ECU,"Youth literacy rate, population 15-24 years, both sexes (%)",SE.ADT.1524.LT.ZS,98.80065,98.65271,98.69484,98.83163,98.60464,99.09777,99.1262,99.05711,99.25505,..,..
"Egypt, Arab Rep.",EGY,"Adult literacy rate, population 15+ years, both sexes (%)",SE.ADT.LITR.ZS,..,72.04785,..,73.86559,72.4425,..,..,..,71.16825,..,..
"Egypt, Arab Rep.",EGY,"Youth literacy rate, population 15-24 years, both sexes (%)",SE.ADT.1524.LT.ZS,..,87.50964,..,89.28192,92.02342,..,..,..,88.19256,..,..
El Salvador,SLV,"Adult literacy rate, population 15+ years, both sexes (%)",SE.ADT.LITR.ZS,84.10289,84.49272,85.49399,..,86.76758,..,87.96985,88.14177,88.48271,89.0086,..
El Salvador,SLV,"Youth literacy rate, population 15-24 years, both sexes (%)",SE.ADT.1524.LT.ZS,95.02206,96.03446,96.54509,..,97.22419,..,97.94933,98.00859,97.98045,97.97372,..
Equatorial Guinea,GNQ,"Adult literacy rate, population 15+ years, both sexes (%)",SE.ADT.LITR.ZS,..,94.37054,..,..,..,..,..,..,..,..,..
Equatorial Guinea,GNQ,"Youth literacy rate, population 15-24 years, both sexes (%)",SE.ADT.1524.LT.ZS,..,97.96704,..,..,..,..,..,..,..,..,..
Eritrea,ERI,"Adult literacy rate, population 15+ years, both sexes (%)",SE.ADT.LITR.ZS,..,..,..,..,..,..,..,..,..,76.57052,..
Eritrea,ERI,"Youth literacy rate, population 15-24 years, both sexes (%)",SE.ADT.1524.LT.ZS,..,..,..,..,..,..,..,..,..,93.27239,..
Estonia,EST,"Adult literacy rate, population 15+ years, both sexes (%)",SE.ADT.LITR.ZS,..,..,99.88579,..,..,..,..,..,..,..,..
Estonia,EST,"Youth literacy rate, population 15-24 years, both sexes (%)",SE.ADT.1524.LT.ZS,..,..,99.9489,..,..,..,..,..,..,..,..
Eswatini,SWZ,"Adult literacy rate, population 15+ years, both sexes (%)",SE.ADT.LITR.ZS,..,83.09829,..,..,..,..,..,..,..,88.41938,..
Eswatini,SWZ,"Youth literacy rate, population 15-24 years, both sexes (%)",SE.ADT.1524.LT.ZS,..,93.5023,..,..,..,..,..,..,..,95.46937,..
Ethiopia,ETH,"Adult literacy rate, population 15+ years, both sexes (%)",SE.ADT.LITR.ZS,..,..,..,..,..,..,..,..,51.77118,..,..
Ethiopia,ETH,"Youth literacy rate, population 15-24 years, both sexes (%)",SE.ADT.1524.LT.ZS,..,..,..,..,..,..,..,..,72.75482,..,..
Euro area,EMU,"Adult literacy rate, population 15+ years, both sexes (%)",SE.ADT.LITR.ZS,..,..,..,..,..,..,..,..,..,..,..
Euro area,EMU,"Youth literacy rate, population 15-24 years, both sexes (%)",SE.ADT.1524.LT.ZS,..,..,..,..,..,..,..,..,..,..,..
Europe & Central Asia,ECS,"Adult literacy rate, population 15+ years, both sexes (%)",SE.ADT.LITR.ZS,97.41753,97.58095,97.89368,97.99822,98.06864,98.11635,98.16487,98.25479,98.27192,98.33352,98.37897
Europe & Central Asia,ECS,"Youth literacy rate, population 15-24 years, both sexes (%)",SE.ADT.1524.LT.ZS,99.41684,99.47224,99.50116,99.53741,99.56687,99.59408,99.60965,99.6416,99.65887,99.67011,99.68487
Europe & Central Asia (excluding high income),ECA,"Adult literacy rate, population 15+ years, both sexes (%)",SE.ADT.LITR.ZS,98.06337,98.37868,98.63469,98.76822,98.81672,98.84981,98.87846,98.99888,98.97246,99.00774,99.04349
Europe & Central Asia (excluding high income),ECA,"Youth literacy rate, population 15-24 years, both sexes (%)",SE.ADT.1524.LT.ZS,99.35907,99.44012,99.52901,99.58516,99.62598,99.6545,99.68006,99.73519,99.73756,99.75513,99.76877
Europe & Central Asia (IDA & IBRD countries),TEC,"Adult literacy rate, population 15+ years, both sexes (%)",SE.ADT.LITR.ZS,98.15779,98.42805,98.64799,98.76374,98.80722,98.8376,98.86424,98.96905,98.94835,98.98051,99.01315
Europe & Central Asia (IDA & IBRD countries),TEC,"Youth literacy rate, population 15-24 years, both sexes (%)",SE.ADT.1524.LT.ZS,99.37462,99.44893,99.53032,99.58257,99.62172,99.64994,99.6751,99.72597,99.72953,99.74617,99.75911
European Union,EUU,"Adult literacy rate, population 15+ years, both sexes (%)",SE.ADT.LITR.ZS,..,..,..,..,..,..,..,..,..,..,..
European Union,EUU,"Youth literacy rate, population 15-24 years, both sexes (%)",SE.ADT.1524.LT.ZS,..,..,..,..,..,..,..,..,..,..,..
Faroe Islands,FRO,"Adult literacy rate, population 15+ years, both sexes (%)",SE.ADT.LITR.ZS,..,..,..,..,..,..,..,..,..,..,..
Faroe Islands,FRO,"Youth literacy rate, population 15-24 years, both sexes (%)",SE.ADT.1524.LT.ZS,..,..,..,..,..,..,..,..,..,..,..
Fiji,FJI,"Adult literacy rate, population 15+ years, both sexes (%)",SE.ADT.LITR.ZS,..,..,..,..,..,..,..,..,99.08211,..,..
Fiji,FJI,"Youth literacy rate, population 15-24 years, both sexes (%)",SE.ADT.1524.LT.ZS,..,..,..,..,..,..,..,..,99.74434,..,..
Finland,FIN,"Adult literacy rate, population 15+ years, both sexes (%)",SE.ADT.LITR.ZS,..,..,..,..,..,..,..,..,..,..,..
Finland,FIN,"Youth literacy rate, population 15-24 years, both sexes (%)",SE.ADT.1524.LT.ZS,..,..,..,..,..,..,..,..,..,..,..
Fragile and conflict affected situations,FCS,"Adult literacy rate, population 15+ years, both sexes (%)",SE.ADT.LITR.ZS,60.02249,60.28729,60.10028,62.01157,62.43823,63.40736,62.14889,64.272,65.00602,63.49599,63.74937
Fragile and conflict affected situations,FCS,"Youth literacy rate, population 15-24 years, both sexes (%)",SE.ADT.1524.LT.ZS,68.67237,68.83041,69.76562,71.82965,72.38547,73.23951,71.88719,74.04414,74.78029,73.15035,73.47483
France,FRA,"Adult literacy rate, population 15+ years, both sexes (%)",SE.ADT.LITR.ZS,..,..,..,..,..,..,..,..,..,..,..
France,FRA,"Youth literacy rate, population 15-24 years, both sexes (%)",SE.ADT.1524.LT.ZS,..,..,..,..,..,..,..,..,..,..,..
French Polynesia,PYF,"Adult literacy rate, population 15+ years, both sexes (%)",SE.ADT.LITR.ZS,..,..,..,..,..,..,..,..,..,..,..
French Polynesia,PYF,"Youth literacy rate, population 15-24 years, both sexes (%)",SE.ADT.1524.LT.ZS,..,..,..,..,..,..,..,..,..,..,..
Gabon,GAB,"Adult literacy rate, population 15+ years, both sexes (%)",SE.ADT.LITR.ZS,..,..,..,82.2838,..,..,..,..,..,84.66716,..
Gabon,GAB,"Youth literacy rate, population 15-24 years, both sexes (%)",SE.ADT.1524.LT.ZS,..,..,..,88.50414,..,..,..,..,..,89.78366,..
"Gambia, The",GMB,"Adult literacy rate, population 15+ years, both sexes (%)",SE.ADT.LITR.ZS,..,..,..,..,41.95005,..,50.77797,..,..,..,..
"Gambia, The",GMB,"Youth literacy rate, population 15-24 years, both sexes (%)",SE.ADT.1524.LT.ZS,..,..,..,..,60.7779,..,67.16138,..,..,..,..
Georgia,GEO,"Adult literacy rate, population 15+ years, both sexes (%)",SE.ADT.LITR.ZS,..,..,..,..,..,99.58619,..,..,99.36426,..,..
Georgia,GEO,"Youth literacy rate, population 15-24 years, both sexes (%)",SE.ADT.1524.LT.ZS,..,..,..,..,..,99.70261,..,..,99.64081,..,..
Germany,DEU,"Adult literacy rate, population 15+ years, both sexes (%)",SE.ADT.LITR.ZS,..,..,..,..,..,..,..,..,..,..,..
Germany,DEU,"Youth literacy rate, population 15-24 years, both sexes (%)",SE.ADT.1524.LT.ZS,..,..,..,..,..,..,..,..,..,..,..
Ghana,GHA,"Adult literacy rate, population 15+ years, both sexes (%)",SE.ADT.LITR.ZS,..,71.49707,..,..,..,..,..,..,..,79.03964,..
Ghana,GHA,"Youth literacy rate, population 15-24 years, both sexes (%)",SE.ADT.1524.LT.ZS,..,85.71615,..,..,..,..,..,..,..,92.49097,..
Gibraltar,GIB,"Adult literacy rate, population 15+ years, both sexes (%)",SE.ADT.LITR.ZS,..,..,..,..,..,..,..,..,..,..,..
Gibraltar,GIB,"Youth literacy rate, population 15-24 years, both sexes (%)",SE.ADT.1524.LT.ZS,..,..,..,..,..,..,..,..,..,..,..
Global Partnership for Education,FTI,"Adult literacy rate, population 15+ years, both sexes (%)",SE.ADT.LITR.ZS,61.9946,62.47073,62.56715,63.38773,64.10307,64.81015,65.62063,66.96464,67.65809,67.95024,68.39692
Global Partnership for Education,FTI,"Youth literacy rate, population 15-24 years, both sexes (%)",SE.ADT.1524.LT.ZS,72.70341,73.33025,73.92543,74.98752,76.10927,76.76486,77.48266,78.31845,78.81099,79.21451,79.68301
Greece,GRC,"Adult literacy rate, population 15+ years, both sexes (%)",SE.ADT.LITR.ZS,93.90511,..,97.36874,..,..,..,..,..,..,97.93595,..
Greece,GRC,"Youth literacy rate, population 15-24 years, both sexes (%)",SE.ADT.1524.LT.ZS,99.49109,..,98.81486,..,..,..,..,..,..,99.16,..
Greenland,GRL,"Adult literacy rate, population 15+ years, both sexes (%)",SE.ADT.LITR.ZS,..,..,..,..,..,..,..,..,..,..,..
Greenland,GRL,"Youth literacy rate, population 15-24 years, both sexes (%)",SE.ADT.1524.LT.ZS,..,..,..,..,..,..,..,..,..,..,..
Grenada,GRD,"Adult literacy rate, population 15+ years, both sexes (%)",SE.ADT.LITR.ZS,..,..,..,..,..,98.6,..,..,..,..,..
Grenada,GRD,"Youth literacy rate, population 15-24 years, both sexes (%)",SE.ADT.1524.LT.ZS,..,..,..,..,..,99.2,..,..,..,..,..
Guam,GUM,"Adult literacy rate, population 15+ years, both sexes (%)",SE.ADT.LITR.ZS,..,..,..,..,..,..,..,..,..,..,..
Guam,GUM,"Youth literacy rate, population 15-24 years, both sexes (%)",SE.ADT.1524.LT.ZS,..,..,..,..,..,..,..,..,..,..,..
Guatemala,GTM,"Adult literacy rate, population 15+ years, both sexes (%)",SE.ADT.LITR.ZS,..,..,..,78.26486,77.03867,81.2859,..,..,..,..,..
Guatemala,GTM,"Youth literacy rate, population 15-24 years, both sexes (%)",SE.ADT.1524.LT.ZS,..,..,..,93.65347,91.85192,94.35425,..,..,..,..,..
Guinea,GIN,"Adult literacy rate, population 15+ years, both sexes (%)",SE.ADT.LITR.ZS,..,25.30774,..,..,..,32.00384,..,..,..,..,..
Guinea,GIN,"Youth literacy rate, population 15-24 years, both sexes (%)",SE.ADT.1524.LT.ZS,..,31.40642,..,..,..,46.29505,..,..,..,..,..
Guinea-Bissau,GNB,"Adult literacy rate, population 15+ years, both sexes (%)",SE.ADT.LITR.ZS,..,..,..,..,..,45.58116,..,..,..,..,..
Guinea-Bissau,GNB,"Youth literacy rate, population 15-24 years, both sexes (%)",SE.ADT.1524.LT.ZS,..,..,..,..,..,60.40235,..,..,..,..,..
Guyana,GUY,"Adult literacy rate, population 15+ years, both sexes (%)",SE.ADT.LITR.ZS,84.99401,..,..,..,..,85.63973,..,..,..,..,..
Guyana,GUY,"Youth literacy rate, population 15-24 years, both sexes (%)",SE.ADT.1524.LT.ZS,93.09894,..,..,..,..,96.68967,..,..,..,..,..
Haiti,HTI,"Adult literacy rate, population 15+ years, both sexes (%)",SE.ADT.LITR.ZS,..,..,..,..,..,..,..,61.69135,..,..,..
Haiti,HTI,"Youth literacy rate, population 15-24 years, both sexes (%)",SE.ADT.1524.LT.ZS,..,..,..,..,..,..,..,82.99425,..,..,..
Heavily indebted poor countries (HIPC),HPC,"Adult literacy rate, population 15+ years, both sexes (%)",SE.ADT.LITR.ZS,53.25834,54.07489,56.10511,57.3334,58.32618,59.16484,59.64676,60.45881,61.38893,61.88289,62.50519
Heavily indebted poor countries (HIPC),HPC,"Youth literacy rate, population 15-24 years, both sexes (%)",SE.ADT.1524.LT.ZS,64.13071,65.27207,67.61211,69.35937,70.38632,71.30923,72.02695,72.63548,73.63168,74.11132,74.7001
High income,HIC,"Adult literacy rate, population 15+ years, both sexes (%)",SE.ADT.LITR.ZS,..,..,..,..,..,..,..,..,..,..,..
High income,HIC,"Youth literacy rate, population 15-24 years, both sexes (%)",SE.ADT.1524.LT.ZS,..,..,..,..,..,..,..,..,..,..,..
Honduras,HND,"Adult literacy rate, population 15+ years, both sexes (%)",SE.ADT.LITR.ZS,..,84.75536,85.1233,85.35555,85.46442,87.19753,87.90683,88.98748,..,87.20524,..
Honduras,HND,"Youth literacy rate, population 15-24 years, both sexes (%)",SE.ADT.1524.LT.ZS,..,95.15069,95.925,94.98095,95.06649,95.67707,96.00751,96.12654,..,96.51584,..
"Hong Kong SAR, China",HKG,"Adult literacy rate, population 15+ years, both sexes (%)",SE.ADT.LITR.ZS,..,..,..,..,..,..,..,..,..,..,..
"Hong Kong SAR, China",HKG,"Youth literacy rate, population 15-24 years, both sexes (%)",SE.ADT.1524.LT.ZS,..,..,..,..,..,..,..,..,..,..,..
Hungary,HUN,"Adult literacy rate, population 15+ years, both sexes (%)",SE.ADT.LITR.ZS,..,..,..,..,..,99.1,..,..,..,..,..
Hungary,HUN,"Youth literacy rate, population 15-24 years, both sexes (%)",SE.ADT.1524.LT.ZS,..,..,..,..,..,98.8,..,..,..,..,..
IBRD only,IBD,"Adult literacy rate, population 15+ years, both sexes (%)",SE.ADT.LITR.ZS,86.25504,86.83493,87.19533,87.69956,87.86956,88.34096,88.45138,88.81775,89.04436,89.06654,89.36553
IBRD only,IBD,"Youth literacy rate, population 15-24 years, both sexes (%)",SE.ADT.1524.LT.ZS,93.96514,93.96276,94.22938,94.84018,95.09663,95.48133,95.40836,95.85846,96.0633,95.8728,96.07544
Iceland,ISL,"Adult literacy rate, population 15+ years, both sexes (%)",SE.ADT.LITR.ZS,..,..,..,..,..,..,..,..,..,..,..
Iceland,ISL,"Youth literacy rate, population 15-24 years, both sexes (%)",SE.ADT.1524.LT.ZS,..,..,..,..,..,..,..,..,..,..,..
IDA & IBRD total,IBT,"Adult literacy rate, population 15+ years, both sexes (%)",SE.ADT.LITR.ZS,81.17484,..,81.93721,82.35303,82.56062,82.97848,..,83.71072,..,..,..
IDA & IBRD total,IBT,"Youth literacy rate, population 15-24 years, both sexes (%)",SE.ADT.1524.LT.ZS,88.45145,..,88.73325,89.19401,89.50078,89.80181,..,90.31701,..,..,..
IDA blend,IDB,"Adult literacy rate, population 15+ years, both sexes (%)",SE.ADT.LITR.ZS,61.94259,62.39705,62.47046,63.87631,63.73583,64.59924,65.02774,65.72806,66.58383,66.56935,66.98145
IDA blend,IDB,"Youth literacy rate, population 15-24 years, both sexes (%)",SE.ADT.1524.LT.ZS,74.35697,74.71272,74.82691,75.96127,75.85897,76.57122,77.28214,77.95291,78.0701,78.76011,79.16139
IDA only,IDX,"Adult literacy rate, population 15+ years, both sexes (%)",SE.ADT.LITR.ZS,57.88134,58.46443,58.61864,59.26577,60.53036,61.27156,62.39787,64.25295,64.97928,65.49887,66.05657
IDA only,IDX,"Youth literacy rate, population 15-24 years, both sexes (%)",SE.ADT.1524.LT.ZS,69.64929,70.52003,71.47283,72.64927,74.54751,75.29282,76.13295,77.17355,77.95119,78.30098,78.88487
IDA total,IDA,"Adult literacy rate, population 15+ years, both sexes (%)",SE.ADT.LITR.ZS,60.10617,..,60.68527,61.67557,62.12955,62.91562,..,65.25168,..,..,..
IDA total,IDA,"Youth literacy rate, population 15-24 years, both sexes (%)",SE.ADT.1524.LT.ZS,72.03852,..,73.26094,74.53386,75.42821,76.18029,..,77.90301,..,..,..
India,IND,"Adult literacy rate, population 15+ years, both sexes (%)",SE.ADT.LITR.ZS,..,..,69.30256,..,..,..,..,..,..,74.37299,..
India,IND,"Youth literacy rate, population 15-24 years, both sexes (%)",SE.ADT.1524.LT.ZS,..,..,86.14488,..,..,..,..,..,..,91.66404,..
Indonesia,IDN,"Adult literacy rate, population 15+ years, both sexes (%)",SE.ADT.LITR.ZS,92.5817,..,92.81191,..,..,95.11622,95.21793,95.37697,..,95.65856,..
Indonesia,IDN,"Youth literacy rate, population 15-24 years, both sexes (%)",SE.ADT.1524.LT.ZS,99.47374,..,98.778,..,..,99.68022,99.67007,99.66881,..,99.70708,..
"Iran, Islamic Rep.",IRN,"Adult literacy rate, population 15+ years, both sexes (%)",SE.ADT.LITR.ZS,..,..,..,83.62599,84.6268,84.70524,..,85.54425,..,..,..
"Iran, Islamic Rep.",IRN,"Youth literacy rate, population 15-24 years, both sexes (%)",SE.ADT.1524.LT.ZS,..,..,..,98.0144,97.7773,97.93787,..,98.10135,..,..,..
Iraq,IRQ,"Adult literacy rate, population 15+ years, both sexes (%)",SE.ADT.LITR.ZS,..,..,..,77.2,72.7,82.2,..,83.3,85.6,..,..
Iraq,IRQ,"Youth literacy rate, population 15-24 years, both sexes (%)",SE.ADT.1524.LT.ZS,..,..,..,83.5,80.8,88.8,..,90.9,93.5,..,..
Ireland,IRL,"Adult literacy rate, population 15+ years, both sexes (%)",SE.ADT.LITR.ZS,..,..,..,..,..,..,..,..,..,..,..
Ireland,IRL,"Youth literacy rate, population 15-24 years, both sexes (%)",SE.ADT.1524.LT.ZS,..,..,..,..,..,..,..,..,..,..,..
Isle of Man,IMN,"Adult literacy rate, population 15+ years, both sexes (%)",SE.ADT.LITR.ZS,..,..,..,..,..,..,..,..,..,..,..
Isle of Man,IMN,"Youth literacy rate, population 15-24 years, both sexes (%)",SE.ADT.1524.LT.ZS,..,..,..,..,..,..,..,..,..,..,..
Israel,ISR,"Adult literacy rate, population 15+ years, both sexes (%)",SE.ADT.LITR.ZS,..,..,..,..,..,..,..,..,..,..,..
Israel,ISR,"Youth literacy rate, population 15-24 years, both sexes (%)",SE.ADT.1524.LT.ZS,..,..,..,..,..,..,..,..,..,..,..
Italy,ITA,"Adult literacy rate, population 15+ years, both sexes (%)",SE.ADT.LITR.ZS,..,..,98.84828,..,..,..,..,..,..,99.15576,..
Italy,ITA,"Youth literacy rate, population 15-24 years, both sexes (%)",SE.ADT.1524.LT.ZS,..,..,99.85964,..,..,..,..,..,..,99.93,..
Jamaica,JAM,"Adult literacy rate, population 15+ years, both sexes (%)",SE.ADT.LITR.ZS,..,..,..,..,..,88.1,..,..,..,..,..
Jamaica,JAM,"Youth literacy rate, population 15-24 years, both sexes (%)",SE.ADT.1524.LT.ZS,..,..,..,..,..,96.3,..,..,..,..,..
Japan,JPN,"Adult literacy rate, population 15+ years, both sexes (%)",SE.ADT.LITR.ZS,..,..,..,..,..,..,..,..,..,..,..
Japan,JPN,"Youth literacy rate, population 15-24 years, both sexes (%)",SE.ADT.1524.LT.ZS,..,..,..,..,..,..,..,..,..,..,..
Jordan,JOR,"Adult literacy rate, population 15+ years, both sexes (%)",SE.ADT.LITR.ZS,..,92.55104,95.90445,97.89032,..,..,..,..,..,98.22711,..
Jordan,JOR,"Youth literacy rate, population 15-24 years, both sexes (%)",SE.ADT.1524.LT.ZS,..,98.76235,99.14868,99.10572,..,..,..,..,..,99.34374,..
Kazakhstan,KAZ,"Adult literacy rate, population 15+ years, both sexes (%)",SE.ADT.LITR.ZS,99.73241,99.78163,..,..,..,..,..,..,..,99.78163,..
Kazakhstan,KAZ,"Youth literacy rate, population 15-24 years, both sexes (%)",SE.ADT.1524.LT.ZS,99.83451,99.89736,..,..,..,..,..,..,..,99.89736,..
Kenya,KEN,"Adult literacy rate, population 15+ years, both sexes (%)",SE.ADT.LITR.ZS,..,..,..,..,..,78.73304,..,..,..,81.53497,..
Kenya,KEN,"Youth literacy rate, population 15-24 years, both sexes (%)",SE.ADT.1524.LT.ZS,..,..,..,..,..,86.52563,..,..,..,87.83,..
Kiribati,KIR,"Adult literacy rate, population 15+ years, both sexes (%)",SE.ADT.LITR.ZS,..,..,..,..,..,..,..,..,..,..,..
Kiribati,KIR,"Youth literacy rate, population 15-24 years, both sexes (%)",SE.ADT.1524.LT.ZS,..,..,..,..,..,..,..,..,..,..,..
"Korea, Dem. People's Rep.",PRK,"Adult literacy rate, population 15+ years, both sexes (%)",SE.ADT.LITR.ZS,..,..,..,..,..,..,..,..,..,..,..
"Korea, Dem. People's Rep.",PRK,"Youth literacy rate, population 15-24 years, both sexes (%)",SE.ADT.1524.LT.ZS,..,..,..,..,..,..,..,..,..,..,..
"Korea, Rep.",KOR,"Adult literacy rate, population 15+ years, both sexes (%)",SE.ADT.LITR.ZS,..,..,..,..,..,..,..,..,..,..,..
"Korea, Rep.",KOR,"Youth literacy rate, population 15-24 years, both sexes (%)",SE.ADT.1524.LT.ZS,..,..,..,..,..,..,..,..,..,..,..
Kosovo,XKX,"Adult literacy rate, population 15+ years, both sexes (%)",SE.ADT.LITR.ZS,..,..,..,..,..,..,..,..,..,..,..
Kosovo,XKX,"Youth literacy rate, population 15-24 years, both sexes (%)",SE.ADT.1524.LT.ZS,..,..,..,..,..,..,..,..,..,..,..
Kuwait,KWT,"Adult literacy rate, population 15+ years, both sexes (%)",SE.ADT.LITR.ZS,..,94.46901,..,95.51317,95.58582,..,95.68545,..,96.03595,96.05647,..
Kuwait,KWT,"Youth literacy rate, population 15-24 years, both sexes (%)",SE.ADT.1524.LT.ZS,..,98.89911,..,98.78226,99.15375,..,99.25909,..,99.24358,99.08013,..
Kyrgyz Republic,KGZ,"Adult literacy rate, population 15+ years, both sexes (%)",SE.ADT.LITR.ZS,99.24343,..,..,..,..,..,..,..,..,99.586,..
Kyrgyz Republic,KGZ,"Youth literacy rate, population 15-24 years, both sexes (%)",SE.ADT.1524.LT.ZS,99.75185,..,..,..,..,..,..,..,..,99.75,..
Lao PDR,LAO,"Adult literacy rate, population 15+ years, both sexes (%)",SE.ADT.LITR.ZS,..,..,58.28794,..,..,..,84.66104,..,..,..,..
Lao PDR,LAO,"Youth literacy rate, population 15-24 years, both sexes (%)",SE.ADT.1524.LT.ZS,..,..,72.05623,..,..,..,92.46264,..,..,..,..
Late-demographic dividend,LTE,"Adult literacy rate, population 15+ years, both sexes (%)",SE.ADT.LITR.ZS,94.58459,94.60775,95.12832,95.3002,95.3657,95.53117,95.67826,95.8756,96.01104,96.15606,96.34008
Late-demographic dividend,LTE,"Youth literacy rate, population 15-24 years, both sexes (%)",SE.ADT.1524.LT.ZS,98.83296,98.82657,98.96316,99.15902,99.22879,99.27664,99.29384,99.3561,99.38565,99.40293,99.44244
Latin America & Caribbean,LCN,"Adult literacy rate, population 15+ years, both sexes (%)",SE.ADT.LITR.ZS,91.66851,91.64586,92.23796,92.46116,92.50706,92.94821,93.13275,93.59496,93.70875,93.86866,94.29451
Latin America & Caribbean,LCN,"Youth literacy rate, population 15-24 years, both sexes (%)",SE.ADT.1524.LT.ZS,97.47638,97.34216,97.78911,97.93991,97.91776,98.23397,98.30745,98.43203,98.47008,98.54553,98.59456
Latin America & Caribbean (excluding high income),LAC,"Adult literacy rate, population 15+ years, both sexes (%)",SE.ADT.LITR.ZS,91.38371,91.39029,92.014,92.23849,92.31038,92.76419,92.9518,93.42559,93.57028,93.72753,94.17028
Latin America & Caribbean (excluding high income),LAC,"Youth literacy rate, population 15-24 years, both sexes (%)",SE.ADT.1524.LT.ZS,97.41977,97.27852,97.72982,97.88727,97.87355,98.2035,98.30403,98.42589,98.47378,98.54975,98.59823
Latin America & the Caribbean (IDA & IBRD countries),TLA,"Adult literacy rate, population 15+ years, both sexes (%)",SE.ADT.LITR.ZS,91.47849,91.45825,92.06757,92.29744,92.34657,92.80142,92.9958,93.47264,93.59078,93.75613,94.19449
Latin America & the Caribbean (IDA & IBRD countries),TLA,"Youth literacy rate, population 15-24 years, both sexes (%)",SE.ADT.1524.LT.ZS,97.4344,97.29635,97.75296,97.90736,97.88517,98.20826,98.31375,98.439,98.47592,98.551,98.59957
Latvia,LVA,"Adult literacy rate, population 15+ years, both sexes (%)",SE.ADT.LITR.ZS,..,..,99.8959,..,..,..,..,..,..,99.88931,..
Latvia,LVA,"Youth literacy rate, population 15-24 years, both sexes (%)",SE.ADT.1524.LT.ZS,..,..,99.83543,..,..,..,..,..,..,99.82,..
Least developed countries: UN classification,LDC,"Adult literacy rate, population 15+ years, both sexes (%)",SE.ADT.LITR.ZS,56.15463,56.6508,56.76771,57.50632,58.87499,59.62564,60.87612,62.89241,63.68294,64.27588,64.8578
Least developed countries: UN classification,LDC,"Youth literacy rate, population 15-24 years, both sexes (%)",SE.ADT.1524.LT.ZS,68.19027,69.1364,70.19723,71.53903,73.62081,74.34549,75.26799,76.40365,77.24867,77.63224,78.25923
Lebanon,LBN,"Adult literacy rate, population 15+ years, both sexes (%)",SE.ADT.LITR.ZS,91.18419,..,..,..,..,..,..,..,..,95.06944,..
Lebanon,LBN,"Youth literacy rate, population 15-24 years, both sexes (%)",SE.ADT.1524.LT.ZS,99.24335,..,..,..,..,..,..,..,..,99.75182,..
Lending category not classified,LNX,"Adult literacy rate, population 15+ years, both sexes (%)",SE.ADT.LITR.ZS,..,..,..,..,..,..,..,..,..,..,..
Lending category not classified,LNX,"Youth literacy rate, population 15-24 years, both sexes (%)",SE.ADT.1524.LT.ZS,..,..,..,..,..,..,..,..,..,..,..
Lesotho,LSO,"Adult literacy rate, population 15+ years, both sexes (%)",SE.ADT.LITR.ZS,75.8002,..,..,..,..,76.6352,..,..,..,..,..
Lesotho,LSO,"Youth literacy rate, population 15-24 years, both sexes (%)",SE.ADT.1524.LT.ZS,83.19441,..,..,..,..,86.6322,..,..,..,..,..
Liberia,LBR,"Adult literacy rate, population 15+ years, both sexes (%)",SE.ADT.LITR.ZS,..,..,..,..,..,..,..,..,48.30136,..,..
Liberia,LBR,"Youth literacy rate, population 15-24 years, both sexes (%)",SE.ADT.1524.LT.ZS,..,..,..,..,..,..,..,..,55.3987,..,..
Libya,LBY,"Adult literacy rate, population 15+ years, both sexes (%)",SE.ADT.LITR.ZS,..,..,..,..,..,..,..,..,..,..,..
Libya,LBY,"Youth literacy rate, population 15-24 years, both sexes (%)",SE.ADT.1524.LT.ZS,..,..,..,..,..,..,..,..,..,..,..
Liechtenstein,LIE,"Adult literacy rate, population 15+ years, both sexes (%)",SE.ADT.LITR.ZS,..,..,..,..,..,..,..,..,..,..,..
Liechtenstein,LIE,"Youth literacy rate, population 15-24 years, both sexes (%)",SE.ADT.1524.LT.ZS,..,..,..,..,..,..,..,..,..,..,..
Lithuania,LTU,"Adult literacy rate, population 15+ years, both sexes (%)",SE.ADT.LITR.ZS,..,..,99.8156,..,..,..,..,..,..,..,..
Lithuania,LTU,"Youth literacy rate, population 15-24 years, both sexes (%)",SE.ADT.1524.LT.ZS,..,..,99.8558,..,..,..,..,..,..,..,..
Low & middle income,LMY,"Adult literacy rate, population 15+ years, both sexes (%)",SE.ADT.LITR.ZS,80.87706,81.40623,81.67245,82.2067,82.45152,82.93346,83.1472,83.68802,83.97684,84.00709,84.29309
Low & middle income,LMY,"Youth literacy rate, population 15-24 years, both sexes (%)",SE.ADT.1524.LT.ZS,88.21407,88.27708,88.52742,89.15234,89.53366,89.88052,89.92872,90.40681,90.61985,90.53675,90.75514
Low income,LIC,"Adult literacy rate, population 15+ years, both sexes (%)",SE.ADT.LITR.ZS,53.79567,54.25216,56.16062,56.63294,57.62022,58.02705,58.58002,59.28539,60.10515,60.49671,60.95805
Low income,LIC,"Youth literacy rate, population 15-24 years, both sexes (%)",SE.ADT.1524.LT.ZS,64.30346,64.95811,67.42303,68.34881,69.58265,70.04919,70.72305,71.29221,72.22252,72.59012,73.05502
Lower middle income,LMC,"Adult literacy rate, population 15+ years, both sexes (%)",SE.ADT.LITR.ZS,69.28162,70.50018,70.71012,71.58627,72.10707,72.86358,73.63827,74.35329,75.00414,75.43163,75.96757
Lower middle income,LMC,"Youth literacy rate, population 15-24 years, both sexes (%)",SE.ADT.1524.LT.ZS,83.33271,83.66761,84.02823,85.07495,86.01478,86.74702,87.48635,88.04575,88.48955,88.96788,89.43323
Luxembourg,LUX,"Adult literacy rate, population 15+ years, both sexes (%)",SE.ADT.LITR.ZS,..,..,..,..,..,..,..,..,..,..,..
Luxembourg,LUX,"Youth literacy rate, population 15-24 years, both sexes (%)",SE.ADT.1524.LT.ZS,..,..,..,..,..,..,..,..,..,..,..
"Macao SAR, China",MAC,"Adult literacy rate, population 15+ years, both sexes (%)",SE.ADT.LITR.ZS,..,..,95.64004,..,..,..,..,96.53849,..,..,..
"Macao SAR, China",MAC,"Youth literacy rate, population 15-24 years, both sexes (%)",SE.ADT.1524.LT.ZS,..,..,99.6729,..,..,..,..,99.79874,..,..,..
Madagascar,MDG,"Adult literacy rate, population 15+ years, both sexes (%)",SE.ADT.LITR.ZS,64.48091,..,..,71.57262,..,..,..,..,..,74.80432,..
Madagascar,MDG,"Youth literacy rate, population 15-24 years, both sexes (%)",SE.ADT.1524.LT.ZS,64.94025,..,..,76.82916,..,..,..,..,..,81.19837,..
Malawi,MWI,"Adult literacy rate, population 15+ years, both sexes (%)",SE.ADT.LITR.ZS,..,61.30972,..,..,..,65.14537,62.14354,..,..,..,..
Malawi,MWI,"Youth literacy rate, population 15-24 years, both sexes (%)",SE.ADT.1524.LT.ZS,..,72.13956,..,..,..,76.08191,72.93561,..,..,..,..
Malaysia,MYS,"Adult literacy rate, population 15+ years, both sexes (%)",SE.ADT.LITR.ZS,..,93.11789,..,..,..,..,..,94.88058,95.08265,94.85441,..
Malaysia,MYS,"Youth literacy rate, population 15-24 years, both sexes (%)",SE.ADT.1524.LT.ZS,..,98.41871,..,..,..,..,..,97.61447,97.27256,96.85033,..
Maldives,MDV,"Adult literacy rate, population 15+ years, both sexes (%)",SE.ADT.LITR.ZS,..,..,..,..,..,98.61012,..,97.73495,..,..,..
Maldives,MDV,"Youth literacy rate, population 15-24 years, both sexes (%)",SE.ADT.1524.LT.ZS,..,..,..,..,..,99.26838,..,98.75365,..,..,..
Mali,MLI,"Adult literacy rate, population 15+ years, both sexes (%)",SE.ADT.LITR.ZS,..,31.09975,30.61867,..,..,..,33.06889,..,..,35.47377,..
Mali,MLI,"Youth literacy rate, population 15-24 years, both sexes (%)",SE.ADT.1524.LT.ZS,..,44.30171,42.09528,..,..,..,49.36653,..,..,50.1347,..
Malta,MLT,"Adult literacy rate, population 15+ years, both sexes (%)",SE.ADT.LITR.ZS,..,..,93.30736,..,..,..,..,..,..,94.50319,..
Malta,MLT,"Youth literacy rate, population 15-24 years, both sexes (%)",SE.ADT.1524.LT.ZS,..,..,98.88194,..,..,..,..,..,..,99.30071,..
Marshall Islands,MHL,"Adult literacy rate, population 15+ years, both sexes (%)",SE.ADT.LITR.ZS,..,..,98.26508,..,..,..,..,..,..,..,..
Marshall Islands,MHL,"Youth literacy rate, population 15-24 years, both sexes (%)",SE.ADT.1524.LT.ZS,..,..,98.45878,..,..,..,..,..,..,..,..
Mauritania,MRT,"Adult literacy rate, population 15+ years, both sexes (%)",SE.ADT.LITR.ZS,..,..,..,..,..,..,..,..,53.49759,..,..
Mauritania,MRT,"Youth literacy rate, population 15-24 years, both sexes (%)",SE.ADT.1524.LT.ZS,..,..,..,..,..,..,..,..,63.94781,..,..
Mauritius,MUS,"Adult literacy rate, population 15+ years, both sexes (%)",SE.ADT.LITR.ZS,..,..,89.24984,91.76601,91.49003,92.47476,92.7076,93.15784,..,91.32539,..
Mauritius,MUS,"Youth literacy rate, population 15-24 years, both sexes (%)",SE.ADT.1524.LT.ZS,..,..,98.13035,..,..,..,..,..,..,99.04203,..
Mayotte,MYT,"Adult literacy rate, population 15+ years, both sexes (%)",SE.ADT.LITR.ZS,..,..,..,..,..,..,..,..,..,..,..
Mayotte,MYT,"Youth literacy rate, population 15-24 years, both sexes (%)",SE.ADT.1524.LT.ZS,..,..,..,..,..,..,..,..,..,..,..
Mexico,MEX,"Adult literacy rate, population 15+ years, both sexes (%)",SE.ADT.LITR.ZS,93.44188,93.06894,93.51998,94.2284,93.96285,94.55588,94.47228,94.85962,94.97278,95.37991,..
Mexico,MEX,"Youth literacy rate, population 15-24 years, both sexes (%)",SE.ADT.1524.LT.ZS,98.52466,98.43452,98.46177,98.87542,98.5645,99.00004,98.94471,99.1162,99.12469,99.31845,..
"Micronesia, Fed. Sts.",FSM,"Adult literacy rate, population 15+ years, both sexes (%)",SE.ADT.LITR.ZS,..,..,..,..,..,..,..,..,..,..,..
"Micronesia, Fed. Sts.",FSM,"Youth literacy rate, population 15-24 years, both sexes (%)",SE.ADT.1524.LT.ZS,..,..,..,..,..,..,..,..,..,..,..
Middle East & North Africa,MEA,"Adult literacy rate, population 15+ years, both sexes (%)",SE.ADT.LITR.ZS,75.66799,76.48092,77.26802,79.89382,79.69486,81.14234,79.43243,80.45519,81.5254,78.98143,79.31014
Middle East & North Africa,MEA,"Youth literacy rate, population 15-24 years, both sexes (%)",SE.ADT.1524.LT.ZS,88.65794,88.93476,88.99496,92.61231,92.98097,93.93317,90.77456,93.01966,93.59566,89.90199,90.11926
Middle East & North Africa (excluding high income),MNA,"Adult literacy rate, population 15+ years, both sexes (%)",SE.ADT.LITR.ZS,73.45041,74.27388,74.50911,77.51191,77.1405,78.79463,76.62332,77.81656,79.03477,75.96434,76.34241
Middle East & North Africa (excluding high income),MNA,"Youth literacy rate, population 15-24 years, both sexes (%)",SE.ADT.1524.LT.ZS,87.47093,87.76423,87.68283,91.76328,92.17578,93.25113,89.65961,92.20208,92.852,88.64759,88.90774
Middle East & North Africa (IDA & IBRD countries),TMN,"Adult literacy rate, population 15+ years, both sexes (%)",SE.ADT.LITR.ZS,73.23498,74.06036,74.29205,77.31735,76.93567,78.60376,76.40354,77.60457,78.83198,75.72258,76.09991
Middle East & North Africa (IDA & IBRD countries),TMN,"Youth literacy rate, population 15-24 years, both sexes (%)",SE.ADT.1524.LT.ZS,87.32387,87.61496,87.52588,91.65796,92.07184,93.15982,89.51126,92.08992,92.7482,88.47712,88.74066
Middle income,MIC,"Adult literacy rate, population 15+ years, both sexes (%)",SE.ADT.LITR.ZS,82.96507,83.53068,83.69688,84.26536,84.47999,84.99931,85.21755,85.77729,86.05455,86.08866,86.39626
Middle income,MIC,"Youth literacy rate, population 15-24 years, both sexes (%)",SE.ADT.1524.LT.ZS,90.75244,90.83014,90.91433,91.59005,91.95933,92.38034,92.43293,92.97615,93.16341,93.08413,93.33207
Moldova,MDA,"Adult literacy rate, population 15+ years, both sexes (%)",SE.ADT.LITR.ZS,99.06996,99.02318,..,99.13831,..,99.35989,..,..,..,..,..
Moldova,MDA,"Youth literacy rate, population 15-24 years, both sexes (%)",SE.ADT.1524.LT.ZS,99.4892,99.51155,..,99.45616,..,99.81101,..,..,..,..,..
Monaco,MCO,"Adult literacy rate, population 15+ years, both sexes (%)",SE.ADT.LITR.ZS,..,..,..,..,..,..,..,..,..,..,..
Monaco,MCO,"Youth literacy rate, population 15-24 years, both sexes (%)",SE.ADT.1524.LT.ZS,..,..,..,..,..,..,..,..,..,..,..
Mongolia,MNG,"Adult literacy rate, population 15+ years, both sexes (%)",SE.ADT.LITR.ZS,..,98.257,..,..,..,..,..,..,..,98.42312,..
Mongolia,MNG,"Youth literacy rate, population 15-24 years, both sexes (%)",SE.ADT.1524.LT.ZS,..,98.46025,..,..,..,..,..,..,..,98.63,..
Montenegro,MNE,"Adult literacy rate, population 15+ years, both sexes (%)",SE.ADT.LITR.ZS,..,..,98.44221,..,..,..,..,..,..,98.84718,..
Montenegro,MNE,"Youth literacy rate, population 15-24 years, both sexes (%)",SE.ADT.1524.LT.ZS,..,..,99.21182,..,..,..,..,..,..,99.11,..
Montserrat,MSR,"Adult literacy rate, population 15+ years, both sexes (%)",SE.ADT.LITR.ZS,..,..,..,..,..,..,..,..,..,..,..
Montserrat,MSR,"Youth literacy rate, population 15-24 years, both sexes (%)",SE.ADT.1524.LT.ZS,..,..,..,..,..,..,..,..,..,..,..
Morocco,MAR,"Adult literacy rate, population 15+ years, both sexes (%)",SE.ADT.LITR.ZS,56.08367,..,67.08416,69.42539,..,..,..,..,..,73.75001,..
Morocco,MAR,"Youth literacy rate, population 15-24 years, both sexes (%)",SE.ADT.1524.LT.ZS,79.47369,..,81.51007,91.22096,..,..,..,..,..,97.73,..
Mozambique,MOZ,"Adult literacy rate, population 15+ years, both sexes (%)",SE.ADT.LITR.ZS,50.58381,..,..,..,..,..,56.039,..,60.65543,..,..
Mozambique,MOZ,"Youth literacy rate, population 15-24 years, both sexes (%)",SE.ADT.1524.LT.ZS,67.14964,..,..,..,..,..,70.5251,..,70.91245,..,..
Myanmar,MMR,"Adult literacy rate, population 15+ years, both sexes (%)",SE.ADT.LITR.ZS,..,..,..,..,..,..,..,75.5512,..,..,..
Myanmar,MMR,"Youth literacy rate, population 15-24 years, both sexes (%)",SE.ADT.1524.LT.ZS,..,..,..,..,..,..,..,84.75116,..,..,..
Namibia,NAM,"Adult literacy rate, population 15+ years, both sexes (%)",SE.ADT.LITR.ZS,..,..,88.27463,..,..,..,..,..,..,91.52727,..
Namibia,NAM,"Youth literacy rate, population 15-24 years, both sexes (%)",SE.ADT.1524.LT.ZS,..,..,94.41944,..,..,..,..,..,..,95.1649,..
Nauru,NRU,"Adult literacy rate, population 15+ years, both sexes (%)",SE.ADT.LITR.ZS,..,..,..,..,..,..,..,..,..,..,..
Nauru,NRU,"Youth literacy rate, population 15-24 years, both sexes (%)",SE.ADT.1524.LT.ZS,..,..,..,..,..,..,..,..,..,..,..
Nepal,NPL,"Adult literacy rate, population 15+ years, both sexes (%)",SE.ADT.LITR.ZS,..,..,59.62725,..,..,..,..,..,..,67.90843,..
Nepal,NPL,"Youth literacy rate, population 15-24 years, both sexes (%)",SE.ADT.1524.LT.ZS,..,..,84.75715,..,..,..,..,..,..,92.39381,..
Netherlands,NLD,"Adult literacy rate, population 15+ years, both sexes (%)",SE.ADT.LITR.ZS,..,..,..,..,..,..,..,..,..,..,..
Netherlands,NLD,"Youth literacy rate, population 15-24 years, both sexes (%)",SE.ADT.1524.LT.ZS,..,..,..,..,..,..,..,..,..,..,..
Netherlands Antilles,ANT,"Adult literacy rate, population 15+ years, both sexes (%)",SE.ADT.LITR.ZS,..,..,..,..,..,..,..,..,..,..,..
Netherlands Antilles,ANT,"Youth literacy rate, population 15-24 years, both sexes (%)",SE.ADT.1524.LT.ZS,..,..,..,..,..,..,..,..,..,..,..
New Caledonia,NCL,"Adult literacy rate, population 15+ years, both sexes (%)",SE.ADT.LITR.ZS,..,..,..,..,..,97.8,..,..,..,..,..
New Caledonia,NCL,"Youth literacy rate, population 15-24 years, both sexes (%)",SE.ADT.1524.LT.ZS,..,..,..,..,..,99.2,..,..,..,..,..
New Zealand,NZL,"Adult literacy rate, population 15+ years, both sexes (%)",SE.ADT.LITR.ZS,..,..,..,..,..,..,..,..,..,..,..
New Zealand,NZL,"Youth literacy rate, population 15-24 years, both sexes (%)",SE.ADT.1524.LT.ZS,..,..,..,..,..,..,..,..,..,..,..
Nicaragua,NIC,"Adult literacy rate, population 15+ years, both sexes (%)",SE.ADT.LITR.ZS,..,..,..,..,..,..,82.61455,..,..,..,..
Nicaragua,NIC,"Youth literacy rate, population 15-24 years, both sexes (%)",SE.ADT.1524.LT.ZS,..,..,..,..,..,..,91.57178,..,..,..,..
Niger,NER,"Adult literacy rate, population 15+ years, both sexes (%)",SE.ADT.LITR.ZS,..,..,..,30.56039,..,..,..,..,..,35.05,..
Niger,NER,"Youth literacy rate, population 15-24 years, both sexes (%)",SE.ADT.1524.LT.ZS,..,..,..,39.78773,..,..,..,..,..,43.46,..
Nigeria,NGA,"Adult literacy rate, population 15+ years, both sexes (%)",SE.ADT.LITR.ZS,..,..,..,..,..,..,..,..,..,62.01601,..
Nigeria,NGA,"Youth literacy rate, population 15-24 years, both sexes (%)",SE.ADT.1524.LT.ZS,..,..,..,..,..,..,..,..,..,75.02875,..
Niue,NIU,"Adult literacy rate, population 15+ years, both sexes (%)",SE.ADT.LITR.ZS,..,..,..,..,..,..,..,..,..,..,..
Niue,NIU,"Youth literacy rate, population 15-24 years, both sexes (%)",SE.ADT.1524.LT.ZS,..,..,..,..,..,..,..,..,..,..,..
North America,NAC,"Adult literacy rate, population 15+ years, both sexes (%)",SE.ADT.LITR.ZS,..,..,..,..,..,..,..,..,..,..,..
North America,NAC,"Youth literacy rate, population 15-24 years, both sexes (%)",SE.ADT.1524.LT.ZS,..,..,..,..,..,..,..,..,..,..,..
North Macedonia,MKD,"Adult literacy rate, population 15+ years, both sexes (%)",SE.ADT.LITR.ZS,..,..,..,..,..,97.8,..,..,..,..,..
North Macedonia,MKD,"Youth literacy rate, population 15-24 years, both sexes (%)",SE.ADT.1524.LT.ZS,..,..,..,..,..,98.6,..,..,..,..,..
Northern Mariana Islands,MNP,"Adult literacy rate, population 15+ years, both sexes (%)",SE.ADT.LITR.ZS,..,..,..,..,..,..,..,..,..,..,..
Northern Mariana Islands,MNP,"Youth literacy rate, population 15-24 years, both sexes (%)",SE.ADT.1524.LT.ZS,..,..,..,..,..,..,..,..,..,..,..
Norway,NOR,"Adult literacy rate, population 15+ years, both sexes (%)",SE.ADT.LITR.ZS,..,..,..,..,..,..,..,..,..,..,..
Norway,NOR,"Youth literacy rate, population 15-24 years, both sexes (%)",SE.ADT.1524.LT.ZS,..,..,..,..,..,..,..,..,..,..,..
OECD members,OED,"Adult literacy rate, population 15+ years, both sexes (%)",SE.ADT.LITR.ZS,..,..,..,..,..,..,..,..,..,..,..
OECD members,OED,"Youth literacy rate, population 15-24 years, both sexes (%)",SE.ADT.1524.LT.ZS,..,..,..,..,..,..,..,..,..,..,..
Oman,OMN,"Adult literacy rate, population 15+ years, both sexes (%)",SE.ADT.LITR.ZS,..,86.939,..,..,..,91.9812,93.03861,94.89999,95.576,95.65153,..
Oman,OMN,"Youth literacy rate, population 15-24 years, both sexes (%)",SE.ADT.1524.LT.ZS,..,97.74373,..,..,..,99.09432,99.15373,98.70356,98.66244,98.61783,..
Other small states,OSS,"Adult literacy rate, population 15+ years, both sexes (%)",SE.ADT.LITR.ZS,81.08915,81.4859,82.19191,82.44003,82.886,83.30425,84.69232,84.61512,84.82926,85.06986,85.36423
Other small states,OSS,"Youth literacy rate, population 15-24 years, both sexes (%)",SE.ADT.1524.LT.ZS,87.19075,86.77189,87.48128,87.86538,88.25143,88.66726,89.44094,89.54707,89.744,89.93039,90.19115
Pacific island small states,PSS,"Adult literacy rate, population 15+ years, both sexes (%)",SE.ADT.LITR.ZS,90.38349,90.56086,90.68677,90.79221,90.88946,90.94668,91.01599,91.1451,91.27797,91.29381,..
Pacific island small states,PSS,"Youth literacy rate, population 15-24 years, both sexes (%)",SE.ADT.1524.LT.ZS,..,..,..,..,..,..,..,..,..,..,..
Pakistan,PAK,"Adult literacy rate, population 15+ years, both sexes (%)",SE.ADT.LITR.ZS,54.89264,55.37519,54.73802,56.76434,55.59499,56.97715,..,..,59.13205,..,..
Pakistan,PAK,"Youth literacy rate, population 15-24 years, both sexes (%)",SE.ADT.1524.LT.ZS,70.67627,71.25962,70.76933,72.58342,71.63622,72.7954,..,..,74.52638,..,..
Palau,PLW,"Adult literacy rate, population 15+ years, both sexes (%)",SE.ADT.LITR.ZS,..,..,..,..,99.50313,..,96.59374,..,..,..,..
Palau,PLW,"Youth literacy rate, population 15-24 years, both sexes (%)",SE.ADT.1524.LT.ZS,..,..,..,..,99.83838,..,98.66444,..,..,..,..
Panama,PAN,"Adult literacy rate, population 15+ years, both sexes (%)",SE.ADT.LITR.ZS,..,94.09412,..,..,..,..,..,..,..,95.41181,..
Panama,PAN,"Youth literacy rate, population 15-24 years, both sexes (%)",SE.ADT.1524.LT.ZS,..,97.63853,..,..,..,..,..,..,..,99.09909,..
Papua New Guinea,PNG,"Adult literacy rate, population 15+ years, both sexes (%)",SE.ADT.LITR.ZS,..,61.6,..,..,..,..,..,..,..,..,..
Papua New Guinea,PNG,"Youth literacy rate, population 15-24 years, both sexes (%)",SE.ADT.1524.LT.ZS,..,67.9,..,..,..,..,..,..,..,..,..
Paraguay,PRY,"Adult literacy rate, population 15+ years, both sexes (%)",SE.ADT.LITR.ZS,93.75424,93.87092,..,94.19747,95.05904,95.03481,95.55484,94.65024,..,94.0208,..
Paraguay,PRY,"Youth literacy rate, population 15-24 years, both sexes (%)",SE.ADT.1524.LT.ZS,98.49729,98.61045,..,98.17792,98.89913,98.7138,98.6536,98.4506,..,98.28152,..
Peru,PER,"Adult literacy rate, population 15+ years, both sexes (%)",SE.ADT.LITR.ZS,..,..,..,93.84173,..,93.70795,94.16234,94.17367,94.14961,94.40827,..
Peru,PER,"Youth literacy rate, population 15-24 years, both sexes (%)",SE.ADT.1524.LT.ZS,..,..,..,98.69816,..,98.97753,99.00954,98.88349,99.05748,99.02376,..
Philippines,PHL,"Adult literacy rate, population 15+ years, both sexes (%)",SE.ADT.LITR.ZS,..,..,..,..,96.398,..,98.18255,..,..,..,..
Philippines,PHL,"Youth literacy rate, population 15-24 years, both sexes (%)",SE.ADT.1524.LT.ZS,..,..,..,..,98.10835,..,99.0826,..,..,..,..
Poland,POL,"Adult literacy rate, population 15+ years, both sexes (%)",SE.ADT.LITR.ZS,..,..,..,..,..,..,..,..,..,..,..
Poland,POL,"Youth literacy rate, population 15-24 years, both sexes (%)",SE.ADT.1524.LT.ZS,..,..,..,..,..,..,..,..,..,..,..
Portugal,PRT,"Adult literacy rate, population 15+ years, both sexes (%)",SE.ADT.LITR.ZS,..,..,94.47705,..,..,..,..,..,..,96.13759,..
Portugal,PRT,"Youth literacy rate, population 15-24 years, both sexes (%)",SE.ADT.1524.LT.ZS,..,..,99.43512,..,..,..,..,..,..,99.66392,..
Post-demographic dividend,PST,"Adult literacy rate, population 15+ years, both sexes (%)",SE.ADT.LITR.ZS,..,..,..,..,..,..,..,..,..,..,..
Post-demographic dividend,PST,"Youth literacy rate, population 15-24 years, both sexes (%)",SE.ADT.1524.LT.ZS,..,..,..,..,..,..,..,..,..,..,..
Pre-demographic dividend,PRE,"Adult literacy rate, population 15+ years, both sexes (%)",SE.ADT.LITR.ZS,53.95864,54.58862,56.30136,58.83407,59.53053,60.6,59.66225,61.96347,62.92971,62.00147,62.55918
Pre-demographic dividend,PRE,"Youth literacy rate, population 15-24 years, both sexes (%)",SE.ADT.1524.LT.ZS,63.94427,64.87564,66.83451,69.74291,70.51352,71.62079,70.77728,72.89181,73.85571,72.93906,73.54555
Puerto Rico,PRI,"Adult literacy rate, population 15+ years, both sexes (%)",SE.ADT.LITR.ZS,..,91.96523,..,..,..,..,..,..,92.39,..,..
Puerto Rico,PRI,"Youth literacy rate, population 15-24 years, both sexes (%)",SE.ADT.1524.LT.ZS,..,98.83418,..,..,..,..,..,..,92.38983,..,..
Qatar,QAT,"Adult literacy rate, population 15+ years, both sexes (%)",SE.ADT.LITR.ZS,91.15142,91.77885,91.36408,90.17006,90.63299,91.32722,..,93.1453,93.46397,..,..
Qatar,QAT,"Youth literacy rate, population 15-24 years, both sexes (%)",SE.ADT.1524.LT.ZS,94.80335,92.42882,94.60941,93.94436,91.79358,93.64452,..,95.46365,94.64411,..,..
Romania,ROU,"Adult literacy rate, population 15+ years, both sexes (%)",SE.ADT.LITR.ZS,..,..,98.60429,..,..,..,..,..,..,98.8445,..
Romania,ROU,"Youth literacy rate, population 15-24 years, both sexes (%)",SE.ADT.1524.LT.ZS,..,..,98.99569,..,..,..,..,..,..,99.42919,..
Russian Federation,RUS,"Adult literacy rate, population 15+ years, both sexes (%)",SE.ADT.LITR.ZS,..,99.68427,..,..,..,..,..,..,..,99.73006,..
Russian Federation,RUS,"Youth literacy rate, population 15-24 years, both sexes (%)",SE.ADT.1524.LT.ZS,..,99.7096,..,..,..,..,..,..,..,99.69845,..
Rwanda,RWA,"Adult literacy rate, population 15+ years, both sexes (%)",SE.ADT.LITR.ZS,..,65.85227,..,68.33103,..,70.80413,..,..,..,73.21559,..
Rwanda,RWA,"Youth literacy rate, population 15-24 years, both sexes (%)",SE.ADT.1524.LT.ZS,..,77.34463,..,82.33075,..,85.06624,..,..,..,86.49277,..
Samoa,WSM,"Adult literacy rate, population 15+ years, both sexes (%)",SE.ADT.LITR.ZS,..,..,98.97326,..,..,..,..,..,..,99.09577,..
Samoa,WSM,"Youth literacy rate, population 15-24 years, both sexes (%)",SE.ADT.1524.LT.ZS,..,..,99.23566,..,..,..,..,..,..,99.12348,..
San Marino,SMR,"Adult literacy rate, population 15+ years, both sexes (%)",SE.ADT.LITR.ZS,..,..,..,..,..,..,..,..,..,99.91643,..
San Marino,SMR,"Youth literacy rate, population 15-24 years, both sexes (%)",SE.ADT.1524.LT.ZS,..,..,..,..,..,..,..,..,..,100,..
Sao Tome and Principe,STP,"Adult literacy rate, population 15+ years, both sexes (%)",SE.ADT.LITR.ZS,..,..,..,90.1431,..,..,..,..,..,92.81664,..
Sao Tome and Principe,STP,"Youth literacy rate, population 15-24 years, both sexes (%)",SE.ADT.1524.LT.ZS,..,..,..,96.7384,..,..,..,..,..,97.78255,..
Saudi Arabia,SAU,"Adult literacy rate, population 15+ years, both sexes (%)",SE.ADT.LITR.ZS,..,..,..,..,94.42634,..,..,..,95.32863,..,..
Saudi Arabia,SAU,"Youth literacy rate, population 15-24 years, both sexes (%)",SE.ADT.1524.LT.ZS,..,..,..,..,99.22177,..,..,..,99.30188,..,..
Senegal,SEN,"Adult literacy rate, population 15+ years, both sexes (%)",SE.ADT.LITR.ZS,48.03678,..,51.81455,..,43.5345,..,..,..,51.90042,..,..
Senegal,SEN,"Youth literacy rate, population 15-24 years, both sexes (%)",SE.ADT.1524.LT.ZS,63.35239,..,65.78051,..,56.94301,..,..,..,69.47841,..,..
Serbia,SRB,"Adult literacy rate, population 15+ years, both sexes (%)",SE.ADT.LITR.ZS,..,..,97.96241,..,..,..,..,98.84151,..,..,..
Serbia,SRB,"Youth literacy rate, population 15-24 years, both sexes (%)",SE.ADT.1524.LT.ZS,..,..,99.30869,..,..,..,..,99.71982,..,..,..
Seychelles,SYC,"Adult literacy rate, population 15+ years, both sexes (%)",SE.ADT.LITR.ZS,..,93.95423,..,..,..,..,..,..,..,95.86771,..
Seychelles,SYC,"Youth literacy rate, population 15-24 years, both sexes (%)",SE.ADT.1524.LT.ZS,..,98.97134,..,..,..,..,..,..,..,99.07,..
Sierra Leone,SLE,"Adult literacy rate, population 15+ years, both sexes (%)",SE.ADT.LITR.ZS,..,..,..,..,32.42617,..,..,..,..,43.20633,..
Sierra Leone,SLE,"Youth literacy rate, population 15-24 years, both sexes (%)",SE.ADT.1524.LT.ZS,..,..,..,..,57.02213,..,..,..,..,66.6486,..
Singapore,SGP,"Adult literacy rate, population 15+ years, both sexes (%)",SE.ADT.LITR.ZS,..,95.85733,96.18604,96.36979,96.54802,96.71669,96.82549,97.04956,97.20222,97.34486,..
Singapore,SGP,"Youth literacy rate, population 15-24 years, both sexes (%)",SE.ADT.1524.LT.ZS,..,99.75182,99.8872,99.89494,99.89861,99.90047,99.7849,99.92658,99.93044,99.92963,..
Sint Maarten (Dutch part),SXM,"Adult literacy rate, population 15+ years, both sexes (%)",SE.ADT.LITR.ZS,..,..,..,..,..,..,..,..,..,..,..
Sint Maarten (Dutch part),SXM,"Youth literacy rate, population 15-24 years, both sexes (%)",SE.ADT.1524.LT.ZS,..,..,..,..,..,..,..,..,..,..,..
Slovak Republic,SVK,"Adult literacy rate, population 15+ years, both sexes (%)",SE.ADT.LITR.ZS,..,..,..,..,..,..,..,..,..,..,..
Slovak Republic,SVK,"Youth literacy rate, population 15-24 years, both sexes (%)",SE.ADT.1524.LT.ZS,..,..,..,..,..,..,..,..,..,..,..
Slovenia,SVN,"Adult literacy rate, population 15+ years, both sexes (%)",SE.ADT.LITR.ZS,..,..,..,..,..,99.7,..,..,..,..,..
Slovenia,SVN,"Youth literacy rate, population 15-24 years, both sexes (%)",SE.ADT.1524.LT.ZS,..,..,..,..,..,99.8,..,..,..,..,..
Small states,SST,"Adult literacy rate, population 15+ years, both sexes (%)",SE.ADT.LITR.ZS,83.67305,83.99236,84.53432,84.70603,85.03682,85.36804,86.40521,86.35237,86.51476,86.69132,86.9055
Small states,SST,"Youth literacy rate, population 15-24 years, both sexes (%)",SE.ADT.1524.LT.ZS,89.44617,89.14174,89.67119,89.95074,90.31745,90.65192,91.22653,91.29653,91.43608,91.57199,91.76671
Solomon Islands,SLB,"Adult literacy rate, population 15+ years, both sexes (%)",SE.ADT.LITR.ZS,76.6,..,..,..,..,..,..,..,..,..,..
Solomon Islands,SLB,"Youth literacy rate, population 15-24 years, both sexes (%)",SE.ADT.1524.LT.ZS,..,..,..,..,..,..,..,..,..,..,..
Somalia,SOM,"Adult literacy rate, population 15+ years, both sexes (%)",SE.ADT.LITR.ZS,..,..,..,..,..,..,..,..,..,..,..
Somalia,SOM,"Youth literacy rate, population 15-24 years, both sexes (%)",SE.ADT.1524.LT.ZS,..,..,..,..,..,..,..,..,..,..,..
South Africa,ZAF,"Adult literacy rate, population 15+ years, both sexes (%)",SE.ADT.LITR.ZS,92.89486,92.87732,93.10214,93.72947,..,94.1399,94.36792,..,87.04667,..,..
South Africa,ZAF,"Youth literacy rate, population 15-24 years, both sexes (%)",SE.ADT.1524.LT.ZS,98.36509,98.64413,98.78966,98.88204,..,98.88228,98.95578,..,95.32382,..,..
South Asia,SAS,"Adult literacy rate, population 15+ years, both sexes (%)",SE.ADT.LITR.ZS,64.33769,66.01901,66.51319,67.26778,68.01311,68.73479,69.65735,70.99917,71.69515,72.24388,72.95145
South Asia,SAS,"Youth literacy rate, population 15-24 years, both sexes (%)",SE.ADT.1524.LT.ZS,81.96909,82.21069,82.93099,83.87258,85.17337,85.98569,86.96437,88.08789,88.62945,89.2672,89.95697
South Asia (IDA & IBRD),TSA,"Adult literacy rate, population 15+ years, both sexes (%)",SE.ADT.LITR.ZS,64.33769,66.01901,66.51319,67.26778,68.01311,68.73479,69.65735,70.99917,71.69515,72.24388,72.95145
South Asia (IDA & IBRD),TSA,"Youth literacy rate, population 15-24 years, both sexes (%)",SE.ADT.1524.LT.ZS,81.96909,82.21069,82.93099,83.87258,85.17337,85.98569,86.96437,88.08789,88.62945,89.2672,89.95697
South Sudan,SSD,"Adult literacy rate, population 15+ years, both sexes (%)",SE.ADT.LITR.ZS,..,..,..,..,..,..,..,..,..,34.52276,..
South Sudan,SSD,"Youth literacy rate, population 15-24 years, both sexes (%)",SE.ADT.1524.LT.ZS,..,..,..,..,..,..,..,..,..,47.90096,..
Spain,ESP,"Adult literacy rate, population 15+ years, both sexes (%)",SE.ADT.LITR.ZS,97.67927,97.7489,97.78375,97.89454,98.07913,98.09372,98.14326,98.25051,..,98.4365,..
Spain,ESP,"Youth literacy rate, population 15-24 years, both sexes (%)",SE.ADT.1524.LT.ZS,99.599,99.59463,99.6994,99.67278,99.66926,99.72276,99.65568,99.62216,..,99.71555,..
Sri Lanka,LKA,"Adult literacy rate, population 15+ years, both sexes (%)",SE.ADT.LITR.ZS,..,91.18136,..,..,..,..,..,92.3869,91.89575,91.70982,..
Sri Lanka,LKA,"Youth literacy rate, population 15-24 years, both sexes (%)",SE.ADT.1524.LT.ZS,..,98.15793,..,..,..,..,..,98.68899,98.85646,98.78194,..
St. Kitts and Nevis,KNA,"Adult literacy rate, population 15+ years, both sexes (%)",SE.ADT.LITR.ZS,..,..,..,..,..,..,..,..,..,..,..
St. Kitts and Nevis,KNA,"Youth literacy rate, population 15-24 years, both sexes (%)",SE.ADT.1524.LT.ZS,..,..,..,..,..,..,..,..,..,..,..
St. Lucia,LCA,"Adult literacy rate, population 15+ years, both sexes (%)",SE.ADT.LITR.ZS,..,..,..,..,..,..,..,..,..,..,..
St. Lucia,LCA,"Youth literacy rate, population 15-24 years, both sexes (%)",SE.ADT.1524.LT.ZS,..,..,..,..,..,..,..,..,..,..,..
St. Martin (French part),MAF,"Adult literacy rate, population 15+ years, both sexes (%)",SE.ADT.LITR.ZS,..,..,..,..,..,..,..,..,..,..,..
St. Martin (French part),MAF,"Youth literacy rate, population 15-24 years, both sexes (%)",SE.ADT.1524.LT.ZS,..,..,..,..,..,..,..,..,..,..,..
St. Vincent and the Grenadines,VCT,"Adult literacy rate, population 15+ years, both sexes (%)",SE.ADT.LITR.ZS,..,..,..,..,..,..,..,..,..,..,..
St. Vincent and the Grenadines,VCT,"Youth literacy rate, population 15-24 years, both sexes (%)",SE.ADT.1524.LT.ZS,..,..,..,..,..,..,..,..,..,..,..
Sub-Saharan Africa,SSF,"Adult literacy rate, population 15+ years, both sexes (%)",SE.ADT.LITR.ZS,58.17715,58.73373,60.30552,61.43905,62.30361,62.95409,63.54936,64.25766,64.51749,65.03898,65.46861
Sub-Saharan Africa,SSF,"Youth literacy rate, population 15-24 years, both sexes (%)",SE.ADT.1524.LT.ZS,68.31577,69.20704,70.96517,72.35261,73.15401,73.82434,74.40408,74.90617,75.53063,75.92827,76.31555
Sub-Saharan Africa (excluding high income),SSA,"Adult literacy rate, population 15+ years, both sexes (%)",SE.ADT.LITR.ZS,58.10976,58.66814,60.24391,61.37616,62.24434,62.89559,63.49286,64.20291,64.46804,64.99101,65.42197
Sub-Saharan Africa (excluding high income),SSA,"Youth literacy rate, population 15-24 years, both sexes (%)",SE.ADT.1524.LT.ZS,68.2784,69.17118,70.93196,72.32169,73.12476,73.79665,74.37785,74.8812,75.50709,75.90593,76.29438
Sub-Saharan Africa (IDA & IBRD countries),TSS,"Adult literacy rate, population 15+ years, both sexes (%)",SE.ADT.LITR.ZS,58.17715,58.73373,60.30552,61.43905,62.30361,62.95409,63.54936,64.25766,64.51749,65.03898,65.46861
Sub-Saharan Africa (IDA & IBRD countries),TSS,"Youth literacy rate, population 15-24 years, both sexes (%)",SE.ADT.1524.LT.ZS,68.31577,69.20704,70.96517,72.35261,73.15401,73.82434,74.40408,74.90617,75.53063,75.92827,76.31555
Sudan,SDN,"Adult literacy rate, population 15+ years, both sexes (%)",SE.ADT.LITR.ZS,..,..,..,..,..,..,..,..,..,60.69718,..
Sudan,SDN,"Youth literacy rate, population 15-24 years, both sexes (%)",SE.ADT.1524.LT.ZS,..,..,..,..,..,..,..,..,..,73,..
Suriname,SUR,"Adult literacy rate, population 15+ years, both sexes (%)",SE.ADT.LITR.ZS,..,94.67575,..,92.86866,..,..,..,..,..,94.38327,..
Suriname,SUR,"Youth literacy rate, population 15-24 years, both sexes (%)",SE.ADT.1524.LT.ZS,..,98.37664,..,97.6679,..,..,..,..,..,98.64556,..
Sweden,SWE,"Adult literacy rate, population 15+ years, both sexes (%)",SE.ADT.LITR.ZS,..,..,..,..,..,..,..,..,..,..,..
Sweden,SWE,"Youth literacy rate, population 15-24 years, both sexes (%)",SE.ADT.1524.LT.ZS,..,..,..,..,..,..,..,..,..,..,..
Switzerland,CHE,"Adult literacy rate, population 15+ years, both sexes (%)",SE.ADT.LITR.ZS,..,..,..,..,..,..,..,..,..,..,..
Switzerland,CHE,"Youth literacy rate, population 15-24 years, both sexes (%)",SE.ADT.1524.LT.ZS,..,..,..,..,..,..,..,..,..,..,..
Syrian Arab Republic,SYR,"Adult literacy rate, population 15+ years, both sexes (%)",SE.ADT.LITR.ZS,..,..,..,..,..,..,..,..,..,..,..
Syrian Arab Republic,SYR,"Youth literacy rate, population 15-24 years, both sexes (%)",SE.ADT.1524.LT.ZS,..,..,..,..,..,..,..,..,..,..,..
Tajikistan,TJK,"Adult literacy rate, population 15+ years, both sexes (%)",SE.ADT.LITR.ZS,..,..,..,..,..,99.8,..,..,..,..,..
Tajikistan,TJK,"Youth literacy rate, population 15-24 years, both sexes (%)",SE.ADT.1524.LT.ZS,..,..,..,..,..,99.9,..,..,..,..,..
Tanzania,TZA,"Adult literacy rate, population 15+ years, both sexes (%)",SE.ADT.LITR.ZS,..,67.8007,..,78.10059,..,..,77.88723,..,..,..,..
Tanzania,TZA,"Youth literacy rate, population 15-24 years, both sexes (%)",SE.ADT.1524.LT.ZS,..,74.56052,..,85.94,..,..,85.75514,..,..,..,..
Thailand,THA,"Adult literacy rate, population 15+ years, both sexes (%)",SE.ADT.LITR.ZS,..,96.43091,..,..,93.70207,..,92.86831,..,..,93.76776,..
Thailand,THA,"Youth literacy rate, population 15-24 years, both sexes (%)",SE.ADT.1524.LT.ZS,..,96.59757,..,..,98.31388,..,98.14663,..,..,98.13717,..
Timor-Leste,TLS,"Adult literacy rate, population 15+ years, both sexes (%)",SE.ADT.LITR.ZS,..,58.30898,..,..,..,..,..,..,..,68.06683,..
Timor-Leste,TLS,"Youth literacy rate, population 15-24 years, both sexes (%)",SE.ADT.1524.LT.ZS,..,79.52868,..,..,..,..,..,..,..,83.53903,..
Togo,TGO,"Adult literacy rate, population 15+ years, both sexes (%)",SE.ADT.LITR.ZS,57.09338,..,60.40994,..,..,..,63.74562,..,..,..,..
Togo,TGO,"Youth literacy rate, population 15-24 years, both sexes (%)",SE.ADT.1524.LT.ZS,81.73599,..,79.88591,..,..,..,84.29011,..,..,..,..
Tokelau,TKL,"Adult literacy rate, population 15+ years, both sexes (%)",SE.ADT.LITR.ZS,..,..,..,..,..,..,..,..,..,..,..
Tokelau,TKL,"Youth literacy rate, population 15-24 years, both sexes (%)",SE.ADT.1524.LT.ZS,..,..,..,..,..,..,..,..,..,..,..
Tonga,TON,"Adult literacy rate, population 15+ years, both sexes (%)",SE.ADT.LITR.ZS,..,..,99.38553,..,..,..,..,..,..,99.41437,..
Tonga,TON,"Youth literacy rate, population 15-24 years, both sexes (%)",SE.ADT.1524.LT.ZS,..,..,99.43703,..,..,..,..,..,..,99.44112,..
Trinidad and Tobago,TTO,"Adult literacy rate, population 15+ years, both sexes (%)",SE.ADT.LITR.ZS,..,98.7,..,..,..,..,..,..,..,..,..
Trinidad and Tobago,TTO,"Youth literacy rate, population 15-24 years, both sexes (%)",SE.ADT.1524.LT.ZS,..,99.6,..,..,..,..,..,..,..,..,..
Tunisia,TUN,"Adult literacy rate, population 15+ years, both sexes (%)",SE.ADT.LITR.ZS,..,79.13058,79.65391,80.21875,..,79.03643,..,..,..,..,..
Tunisia,TUN,"Youth literacy rate, population 15-24 years, both sexes (%)",SE.ADT.1524.LT.ZS,..,97.17172,97.30444,96.865,..,96.2091,..,..,..,..,..
Turkiye,TUR,"Adult literacy rate, population 15+ years, both sexes (%)",SE.ADT.LITR.ZS,90.81672,92.6606,94.10609,94.91975,95.25666,95.43963,95.60142,96.16733,96.15053,..,..
Turkiye,TUR,"Youth literacy rate, population 15-24 years, both sexes (%)",SE.ADT.1524.LT.ZS,97.80747,98.22459,98.70935,99.01602,99.22743,99.35848,99.49439,99.62136,99.75087,..,..
Turkmenistan,TKM,"Adult literacy rate, population 15+ years, both sexes (%)",SE.ADT.LITR.ZS,..,..,..,..,..,99.7,..,..,..,..,..
Turkmenistan,TKM,"Youth literacy rate, population 15-24 years, both sexes (%)",SE.ADT.1524.LT.ZS,..,..,..,..,..,99.8,..,..,..,..,..
Turks and Caicos Islands,TCA,"Adult literacy rate, population 15+ years, both sexes (%)",SE.ADT.LITR.ZS,..,..,..,..,..,..,..,..,..,..,..
Turks and Caicos Islands,TCA,"Youth literacy rate, population 15-24 years, both sexes (%)",SE.ADT.1524.LT.ZS,..,..,..,..,..,..,..,..,..,..,..
Tuvalu,TUV,"Adult literacy rate, population 15+ years, both sexes (%)",SE.ADT.LITR.ZS,..,..,..,..,..,..,..,..,..,..,..
Tuvalu,TUV,"Youth literacy rate, population 15-24 years, both sexes (%)",SE.ADT.1524.LT.ZS,..,..,..,..,..,..,..,..,..,..,..
Uganda,UGA,"Adult literacy rate, population 15+ years, both sexes (%)",SE.ADT.LITR.ZS,..,73.21188,..,70.19822,..,..,..,..,..,76.5275,..
Uganda,UGA,"Youth literacy rate, population 15-24 years, both sexes (%)",SE.ADT.1524.LT.ZS,..,87.40883,..,83.65888,..,..,..,..,..,89.39631,..
Ukraine,UKR,"Adult literacy rate, population 15+ years, both sexes (%)",SE.ADT.LITR.ZS,..,..,..,99.97435,..,..,..,..,..,..,..
Ukraine,UKR,"Youth literacy rate, population 15-24 years, both sexes (%)",SE.ADT.1524.LT.ZS,..,..,..,99.96976,..,..,..,..,..,..,..
United Arab Emirates,ARE,"Adult literacy rate, population 15+ years, both sexes (%)",SE.ADT.LITR.ZS,..,..,..,..,..,..,93.22714,..,..,..,..
United Arab Emirates,ARE,"Youth literacy rate, population 15-24 years, both sexes (%)",SE.ADT.1524.LT.ZS,..,..,..,..,..,..,99.43,..,..,..,..
United Kingdom,GBR,"Adult literacy rate, population 15+ years, both sexes (%)",SE.ADT.LITR.ZS,..,..,..,..,..,..,..,..,..,..,..
United Kingdom,GBR,"Youth literacy rate, population 15-24 years, both sexes (%)",SE.ADT.1524.LT.ZS,..,..,..,..,..,..,..,..,..,..,..
United States,USA,"Adult literacy rate, population 15+ years, both sexes (%)",SE.ADT.LITR.ZS,..,..,..,..,..,..,..,..,..,..,..
United States,USA,"Youth literacy rate, population 15-24 years, both sexes (%)",SE.ADT.1524.LT.ZS,..,..,..,..,..,..,..,..,..,..,..
Upper middle income,UMC,"Adult literacy rate, population 15+ years, both sexes (%)",SE.ADT.LITR.ZS,94.00576,94.14792,94.37333,94.78501,94.84182,95.25861,95.09962,95.62376,95.67085,95.45145,95.64834
Upper middle income,UMC,"Youth literacy rate, population 15-24 years, both sexes (%)",SE.ADT.1524.LT.ZS,98.46913,98.45037,98.42945,98.92159,98.87663,99.151,98.54937,99.22288,99.20015,98.48301,98.518
Uruguay,URY,"Adult literacy rate, population 15+ years, both sexes (%)",SE.ADT.LITR.ZS,98.26723,98.07271,98.3359,98.39594,98.36387,98.43593,98.52387,98.56147,98.61572,98.70386,..
Uruguay,URY,"Youth literacy rate, population 15-24 years, both sexes (%)",SE.ADT.1524.LT.ZS,98.86148,98.78419,98.86222,98.95525,98.92976,98.83889,98.9276,99.15247,98.9326,98.88027,..
Uzbekistan,UZB,"Adult literacy rate, population 15+ years, both sexes (%)",SE.ADT.LITR.ZS,..,..,..,..,99.99486,99.98055,99.98383,99.98657,..,99.99289,..
Uzbekistan,UZB,"Youth literacy rate, population 15-24 years, both sexes (%)",SE.ADT.1524.LT.ZS,..,..,..,..,100,99.99996,99.99996,100,..,99.99994,..
Vanuatu,VUT,"Adult literacy rate, population 15+ years, both sexes (%)",SE.ADT.LITR.ZS,..,..,..,..,..,84.7,..,..,..,87.50631,..
Vanuatu,VUT,"Youth literacy rate, population 15-24 years, both sexes (%)",SE.ADT.1524.LT.ZS,..,..,..,..,..,95.3,..,..,..,96.28212,..
"Venezuela, RB",VEN,"Adult literacy rate, population 15+ years, both sexes (%)",SE.ADT.LITR.ZS,95.51199,..,94.77022,..,..,..,96.60522,97.12709,..,..,..
"Venezuela, RB",VEN,"Youth literacy rate, population 15-24 years, both sexes (%)",SE.ADT.1524.LT.ZS,98.5333,..,97.55916,..,..,..,99.00763,98.75951,..,..,..
Viet Nam,VNM,"Adult literacy rate, population 15+ years, both sexes (%)",SE.ADT.LITR.ZS,93.52045,..,..,..,..,..,..,..,..,95.00038,..
Viet Nam,VNM,"Youth literacy rate, population 15-24 years, both sexes (%)",SE.ADT.1524.LT.ZS,97.09167,..,..,..,..,..,..,..,..,98.4081,..
Virgin Islands (U.S.),VIR,"Adult literacy rate, population 15+ years, both sexes (%)",SE.ADT.LITR.ZS,..,..,..,..,..,..,..,..,..,..,..
Virgin Islands (U.S.),VIR,"Youth literacy rate, population 15-24 years, both sexes (%)",SE.ADT.1524.LT.ZS,..,..,..,..,..,..,..,..,..,..,..
West Bank and Gaza,PSE,"Adult literacy rate, population 15+ years, both sexes (%)",SE.ADT.LITR.ZS,94.59917,94.93201,95.26724,95.90622,96.2849,96.42839,96.69073,96.93023,..,97.21861,..
West Bank and Gaza,PSE,"Youth literacy rate, population 15-24 years, both sexes (%)",SE.ADT.1524.LT.ZS,99.23326,99.24204,99.31232,99.28733,99.34833,99.36351,99.34061,99.38371,..,99.33625,..
World,WLD,"Adult literacy rate, population 15+ years, both sexes (%)",SE.ADT.LITR.ZS,83.62333,84.02163,84.28377,84.72968,84.93172,85.3606,85.54232,85.98551,86.22016,86.24694,86.4783
World,WLD,"Youth literacy rate, population 15-24 years, both sexes (%)",SE.ADT.1524.LT.ZS,89.5235,89.56742,89.78326,90.33694,90.67431,90.9933,91.03014,91.44743,91.62891,91.54566,91.72953
"Yemen, Rep.",YEM,"Adult literacy rate, population 15+ years, both sexes (%)",SE.ADT.LITR.ZS,..,..,..,..,..,..,..,..,..,..,..
"Yemen, Rep.",YEM,"Youth literacy rate, population 15-24 years, both sexes (%)",SE.ADT.1524.LT.ZS,..,..,..,..,..,..,..,..,..,..,..
Zambia,ZMB,"Adult literacy rate, population 15+ years, both sexes (%)",SE.ADT.LITR.ZS,..,83.00767,..,..,..,..,..,..,..,86.74796,..
Zambia,ZMB,"Youth literacy rate, population 15-24 years, both sexes (%)",SE.ADT.1524.LT.ZS,..,88.71456,..,..,..,..,..,..,..,92.09157,..
Zimbabwe,ZWE,"Adult literacy rate, population 15+ years, both sexes (%)",SE.ADT.LITR.ZS,..,..,83.58271,..,..,88.69342,..,..,..,..,..
Zimbabwe,ZWE,"Youth literacy rate, population 15-24 years, both sexes (%)",SE.ADT.1524.LT.ZS,..,..,90.9307,..,..,90.42812,..,..,..,..,..
,,,,,,,,,,,,,,
,,,,,,,,,,,,,,
,,,,,,,,,,,,,,
Data from database: Education Statistics - All Indicators,,,,,,,,,,,,,,
Last Updated: 06/25/2024,,,,,,,,,,,,,,
